DT_PUBLICACAO;TEXTO;N_CURTIDAS;LINK_PUBLICACAO;DATA_DOWNLOAD;URL_ESP
2023-09-08;"O caminhão BYD eT18 100% elétrico combina 245 cv de potência e torque máximo de 450 Nm para entregar máxima eficiência para o seu dia a dia. Somados aos 165 km de autonomia e 13.300 kg de capacidade de carga, é a solução ideal para todo tipo de transporte.

Acesse o site no link da bio e saiba mais sobre os caminhões 100% elétricos da BYD.

#BYDBrasil #CaminhãoElétrico #MobilidadeVerde";136 curtidas;https://www.instagram.com/p/Cw7obPYOA0G/;2024-06-02;https://www.instagram.com/byd_brasil?utm_source=ig_web_button_share_sheet&igsh=ZDNlZDc0MzIxNw==
2023-09-12;"A BYD possui diversos modelos de empilhadeiras 100% elétricas com capacidades de carga e variações de altura que atendem todos os tipos de necessidade logísticas.

Arraste para o lado e conheça algumas das empilhadeiras 100% elétricas da BYD.

#BYDBrasil #BYDEnergy #LogísticaSustentável #FabricacaoBrasileira";80 curtidas;https://www.instagram.com/p/CxGydEoOByf/?img_index=1;2024-06-02;https://www.instagram.com/byd_brasil?utm_source=ig_web_button_share_sheet&igsh=ZDNlZDc0MzIxNw==
2023-09-13;"Com espaço interno otimizado e recarga rápida da bateria, o BYD D1 proporciona um novo conceito em mobilidade urbana.

Leve sua jornada para o próximo nível com a BYD! ⚡🚗

#BYDBrasil #MobilidadeElétrica #Inovação";422 curtidas;https://www.instagram.com/p/CxJNQaWurQH/;2024-06-02;https://www.instagram.com/byd_brasil?utm_source=ig_web_button_share_sheet&igsh=ZDNlZDc0MzIxNw==
2023-09-14;"Com capacidade para 25 toneladas e recarga completa em apenas 2,5 horas, o rebocador BYD Green Tug reinventa a eficiência no transporte de cargas.

Conheça as opções 100% elétricas que a BYD oferece para logística sustentável de sua empresa em nosso site no link da bio.

#BYDBrasil #Inovacao #EficienciaSustentavel";85 curtidas;https://www.instagram.com/p/CxLkLCUueAY/;2024-06-02;https://www.instagram.com/byd_brasil?utm_source=ig_web_button_share_sheet&igsh=ZDNlZDc0MzIxNw==
2023-09-15;"A BYD celebra o Dia do Cliente valorizando cada parceiro nesta trajetória de quase 10 anos no Brasil.

Greentech líder mundial em soluções de energia limpa, a BYD tem muito orgulho de proporcionar todos os produtos em um único lugar, oferecendo mais segurança e praticidade para seus clientes que buscam pela transição para a energia limpa. 🌱💡

#DiaDoCliente #BYD #EnergiaLimpa #BYDEnergy";72 curtidas;https://www.instagram.com/p/CxOUjnBO_Wb/;2024-06-02;https://www.instagram.com/byd_brasil?utm_source=ig_web_button_share_sheet&igsh=ZDNlZDc0MzIxNw==
2023-09-16;"Com a equipe da BYD Energy especializada em FINAME, sua busca por soluções energéticas eficazes é muito mais simples.

Entre em contato e tenha um suporte dedicado sem custos para seu credenciamento FINAME, com disponibilidade de reuniões e encontros durante 100% do seu processo de transição para a energia limpa.

#BYDEnergy #FINAME";131 curtidas;https://www.instagram.com/p/CxQe8POru0q/;2024-06-02;https://www.instagram.com/byd_brasil?utm_source=ig_web_button_share_sheet&igsh=ZDNlZDc0MzIxNw==
2023-09-18;"Os funcionários do Terminal de Contêineres de Paranaguá agora contam com um serviço de transporte com ônibus elétrico da BYD. 🚍

O ônibus chassi D9W é totalmente silencioso, com zero emissão de poluentes e tem um sistema de freios regenerativos que auxilia no carregamento da bateria sempre que houver frenagens. Outra vantagem é o piso baixo que oferece total acessibilidade a pessoas com dificuldade de locomoção.

Em média, mil funcionários utilizam o ônibus para se deslocar do Terminal até os postos de trabalho e, agora, serão beneficiados com um transporte de energia limpa e com muito conforto. 😊

#BYD #BYDBrasil #OnibusEletrico #Onibus";610 curtidas;https://www.instagram.com/p/CxWNYStuAuD/;2024-06-02;https://www.instagram.com/byd_brasil?utm_source=ig_web_button_share_sheet&igsh=ZDNlZDc0MzIxNw==
2023-09-20;"O caminhão 100% elétrico BYD eT7 possui avançada tecnologia e menor quantidade de componentes quando comparado com um modelo à combustão, o que significa um menor custo com manutenções por parte do proprietário.

Com 215cv de potência máxima, o eT7 vai transformar sua operação. 🚛🔌

#BYDBrasil #CaminhãoElétrico #BaixoCustoDeManutenção";77 curtidas;https://www.instagram.com/p/Cxah1IzOGPS/;2024-06-02;https://www.instagram.com/byd_brasil?utm_source=ig_web_button_share_sheet&igsh=ZDNlZDc0MzIxNw==
2023-09-20;"A BYD foi finalista da edição 2023 do Prêmio Automotive Business Experience na categoria Cidade Inteligente.

Nesta quarta-feira, 20, o diretor da divisão de ônibus da BYD, Bruno Paiva, recebeu a premiação pela entrega de 20 ônibus 100% elétricos D9W a Salvador, na Bahia. Com isso, a região metropolitana da cidade passou a ter uma das maiores frotas de ônibus elétricos em circulação no país.

Junto com a BYD, Salvador está na vanguarda da transição energética no Brasil. ⚡ 🚍

#BYD #abx23 #Onibus #OnibusEletrico";157 curtidas;https://www.instagram.com/p/CxbFOSsg3dh/?img_index=1;2024-06-02;https://www.instagram.com/byd_brasil?utm_source=ig_web_button_share_sheet&igsh=ZDNlZDc0MzIxNw==
2023-09-21;"Hoje é celebrado o Dia da Árvore! 🌲

A BYD trabalha pela melhoria na qualidade de vida de toda a população. Por isso, reforça a importância da eletrificação na mobilidade urbana nas grandes cidades brasileiras.

Por ano, cada ônibus da BYD evita a emissão de 125 mil kg de CO2, o equivalente ao plantio de 892 árvores.

Dessa forma, a BYD reforça sua missão de reduzir em 1°C a temperatura do planeta terra. ☀️🌎

#BYD #BYDBrasil #DiadaArvore #Arvore";291 curtidas;https://www.instagram.com/p/CxdDH2wgYb_/;2024-06-02;https://www.instagram.com/byd_brasil?utm_source=ig_web_button_share_sheet&igsh=ZDNlZDc0MzIxNw==
2023-09-21;"A BYD participou do Automotive Business Experience, na última quarta-feira, em São Paulo, considerado o maior ecossistema automotivo e da mobilidade do Brasil.

O evento reúne fabricantes, fornecedores e empresas de soluções para a indústria para a troca de experiências e networking.

No encontro, a BYD teve a oportunidade de expôr, em parceria com a E-Wolf, empresa especializada em estações de recarga para residências e condomínios, sua solução completa em energia fotovoltaica, da geração energética ao carregamento veicular. Além disso, exibiu também o BYD Seal, mais recente lançamento da empresa no Brasil.

#BYD #BYDBrasil #abx2023";217 curtidas;https://www.instagram.com/p/CxdFMzmu8YW/;2024-06-02;https://www.instagram.com/byd_brasil?utm_source=ig_web_button_share_sheet&igsh=ZDNlZDc0MzIxNw==
2023-09-22;"A energia solar segue fazendo história no Brasil! 🇧🇷

No mês de agosto, segundo a Absolar, o país alcançou a marca de 1 milhão de empregos gerados pelo setor, além de números nunca antes registrados de investimentos. São mais de R$ 163 bilhões acumulados no Brasil desde 2012.

A BYD é líder neste mercado e já conta com mais de 600 colaboradores em suas fábricas no Brasil. Consulte nossas vagas na página de carreiras em nosso site e faça parte desta transformação energética. ☀️⚡

#Sustentabilidade #EnergiaSolar #BYDEnergy #BYD";451 curtidas;https://www.instagram.com/p/CxfuSHILUKD/;2024-06-02;https://www.instagram.com/byd_brasil?utm_source=ig_web_button_share_sheet&igsh=ZDNlZDc0MzIxNw==
2023-09-25;"Neste Dia Nacional do Trânsito, a BYD reforça seu compromisso em tornar o tráfego no Brasil mais sustentável e seguro para motoristas, passageiros e pedestre.

Além de oferecer veículos que não emitem gás carbônico na atmosfera, os carros, ônibus e caminhões elétricos da BYD contam com tecnologias como sistemas de assistência ao motorista e frenagem automática de emergência que auxiliam na prevenção de acidentes nas ruas e estradas.

Dessa forma, a BYD ajuda a criar um ambiente viário mais seguro para todos. 🚗🚌🌍

#DiaNacionaldoTrânsito #BYD #SegurançaViária #MobilidadeSustentável";60 curtidas;https://www.instagram.com/p/Cxnh1AyuRxF/;2024-06-02;https://www.instagram.com/byd_brasil?utm_source=ig_web_button_share_sheet&igsh=ZDNlZDc0MzIxNw==
2023-09-26;"A Ita Frotas é mais um cliente satisfeito com a tecnologia BYD.

Ao integrar o BYD eT3 em sua operação, a empresa reduziu em 90% os custos com combustível, além de evitar a emissão de toneladas de CO2.

Assista ao vídeo e confira como a BYD transformou a realidade de mais uma grande empresa. 🚐 ⚡

#BYDBrasil #Logistica #Frotas";344 curtidas;https://www.instagram.com/p/CxqFh4mOLwq/;2024-06-02;https://www.instagram.com/byd_brasil?utm_source=ig_web_button_share_sheet&igsh=ZDNlZDc0MzIxNw==
2023-09-27;"A Transpaleteira 100% elétrica P20S da BYD é equipada com freios eletromagnéticos, caracterizados por sua precisão e rápida resposta, o que significa mais segurança e controle durante o manuseio de cargas para o operador e toda a operação.

Com a tecnologia da BYD, seu dia a dia tem muito mais segurança.

#BYDBrasil #TranpaleteiraP20S #Segurança #MobilidadeElétrica";58 curtidas;https://www.instagram.com/p/CxsqXcXOLC0/;2024-06-02;https://www.instagram.com/byd_brasil?utm_source=ig_web_button_share_sheet&igsh=ZDNlZDc0MzIxNw==
2023-09-28;"Os módulos fotovoltaicos BYD são adequados para usinas centralizadas e/ou distribuídas nas mais diversas potências e dimensões. São de fácil instalação, possuem baixa manutenção e vida útil prolongada, com garantias mínimas de 12 anos para o produto e 25 anos para o desempenho.

Conheça os modelos nacionais e importados disponíveis para o seu projeto.

#BYDEnergy #MódulosFotovoltaicos #BYD #Projetos";180 curtidas;https://www.instagram.com/p/Cxv-hvjRS88/?img_index=1;2024-06-02;https://www.instagram.com/byd_brasil?utm_source=ig_web_button_share_sheet&igsh=ZDNlZDc0MzIxNw==
2023-09-29;"O veículo elétrico mais vendido da história do Brasil acaba de ganhar mais duas versões: o BYD Dolphin Plus e BYD Dolphin Diamond. 🐬

Para quem gosta de cores mais sóbrias, o BYD Dolphin Diamond é uma versão na cor preta do modelo que conquistou os brasileiros. Já o BYD Dolphin Plus chega para agradar quem tem espírito de piloto, sem abrir mão de autonomia para circular na cidade. Possui teto panorâmico, duas cores na parte externa, rodas 17” com design exclusivo e um motor de 204 cavalos.

Quer saber mais sobre esses lançamentos? Acesse a página de ""Notícias"" no link da bio e veja tudo sobre a novidade!

#BYD #BYDDolphin #Dolphin #BYDBrasil";2.564 curtidas;https://www.instagram.com/p/Cxxsj6KAYru/?img_index=1;2024-06-02;https://www.instagram.com/byd_brasil?utm_source=ig_web_button_share_sheet&igsh=ZDNlZDc0MzIxNw==
2023-10-02;"Descubra o futuro da movimentação de carga com os rebocadores elétricos BYD. Projetados para médias e longas distâncias com o máximo conforto do motorista, os rebocadores elétricos são verdadeiros líderes em inovação, com bateria selada 100% livres de manutenção e um carregamento fácil e rápido.

Conheça os modelos BYD:

Q30TJ: capacidade de carga de 3 toneladas e carregamento em apenas 1,5 horas.

T50: capacidade de carga de 5 toneladas e carregamento em 1,5 horas.

Green Tug: capacidade de carga de 25 toneladas e carregamento em 2,5 horas.

O futuro da logística sustentável começa aqui. ✨

#RebocadoresElétricos #EficiênciaSustentável";70 curtidas;https://www.instagram.com/p/Cx6QrdNOrXg/;2024-06-02;https://www.instagram.com/byd_brasil?utm_source=ig_web_button_share_sheet&igsh=ZDNlZDc0MzIxNw==
2023-10-03;"Você sabia que existe uma linha de financiamento com juros atrativos para quem quer adquirir um sistema de energia solar?

O FINAME oferece até 100% de financiamento para o seu projeto, que pode ter até 3 anos de carência para começar a pagar. Mas esse benefício só está disponível para equipamentos que sejam produzidos no Brasil, por isso a BYD, maior fabricante nacional de módulos fotovoltaicos, é a escolha certa para o seu investimento.

Assista ao vídeo e saiba mais sobre o FINAME e como a BYD te ajuda a conquistar sua independência energética.

#BYD #BYDEnergy #EnergiaSolar #finame";190 curtidas;https://www.instagram.com/p/Cx8Xd8PuUf-/;2024-06-02;https://www.instagram.com/byd_brasil?utm_source=ig_web_button_share_sheet&igsh=ZDNlZDc0MzIxNw==
2023-10-03;"A BYD sabe que sua operação não pode parar.

Com área total de 7 mil m², o Pós-vendas de pesados BYD, localizado em Campinas (SP), dispõe de uma oficina completa e um centro de distribuição de peças de reposição, garantindo disponibilidade e agilidade no atendimento.

Para desgastes, acidentes ou adaptações em sua frota, a BYD oferece um serviço de pós-vendas com a mesma excelência de seus produtos e com uma equipe treinada nos mais avançados padrões mundiais em serviços e assistência técnica.

#BYDBrasil #AtendimentoPósVenda #Qualidade";70 curtidas;https://www.instagram.com/p/Cx84Kn4OqzF/;2024-06-02;https://www.instagram.com/byd_brasil?utm_source=ig_web_button_share_sheet&igsh=ZDNlZDc0MzIxNw==
2023-10-04;"A missão da BYD é transformar o mundo por meio do avanço da tecnologia de baterias e veículos elétricos. Os caminhões 100% elétricos utilizam uma bateria de ferro-lítio, desenvolvida para a eletrificação veicular que proporciona uma autonomia de mais de 200 km, total segurança e adaptação perfeita às necessidades da sua frota. 🚚⚡

É dessa forma que a BYD caminha rumo a um transporte de cargas eficiente e sustentável. 🌍🌿

#BYDEnergy #CaminhãoElétrico #Sustentabilidade";285 curtidas;https://www.instagram.com/p/Cx_KngWO_uu/;2024-06-02;https://www.instagram.com/byd_brasil?utm_source=ig_web_button_share_sheet&igsh=ZDNlZDc0MzIxNw==
2023-10-04;"A BYD tem a missão de reduzir a temperatura do planeta em 1ºC. Por isso, atua em diversas frentes para proporcionar soluções de energia limpa que revolucionam o dia a dia de milhões de pessoas ao redor de todo o mundo, sempre preservando a natureza.

Junte-se à BYD neste Dia da Natureza para celebrar nosso bem mais precioso. 🌳🌴🌱

#BYD #BYDBrasil #BYDEnergy #DiadaNatureza #Natureza";872 curtidas;https://www.instagram.com/p/Cx_XV0muyLa/;2024-06-02;https://www.instagram.com/byd_brasil?utm_source=ig_web_button_share_sheet&igsh=ZDNlZDc0MzIxNw==
2023-10-04;"Belo Horizonte mais limpa e sustentável 🌿⚡

Uma unidade do BYD D9A passa a integrar a frota de ônibus da cidade de Belo Horizonte. Os testes com o ônibus começaram nessa semana e devem ter duração de pelo menos 40 dias.

A capital mineira tem planos de renovar em 40% a frota de ônibus com veículos elétricos e movidos a biocombustível.

#bh #byd #eletromobilidade #onibuseletrico";1.438 curtidas;https://www.instagram.com/p/Cx_m78LvV7x/;2024-06-02;https://www.instagram.com/byd_brasil?utm_source=ig_web_button_share_sheet&igsh=ZDNlZDc0MzIxNw==
2023-10-05;"O BYD D1 preserva o meio ambiente e impulsiona o lucro dos seus negócios.

Com custo total de propriedade até 79% menor comparado com outros veículos da categoria devido a uma economia substancial em manutenção e abastecimento, o BYD D1 é a solução certa para quem busca um futuro mais verde e lucrativo. 🌿💰

#BYDBrasil #VeículoElétrico #LucroSustentável";409 curtidas;https://www.instagram.com/p/CyBcQK8O9hX/;2024-06-02;https://www.instagram.com/byd_brasil?utm_source=ig_web_button_share_sheet&igsh=ZDNlZDc0MzIxNw==
2023-10-05;"De hoje, 05, até sábado, dia 07 de outubro, a BYD estará presente no evento Veículo Elétrico Latino-Americano, apresentando seu ônibus rodoviário D9W e o automóvel BYD Seal.

Venha conhecer de perto esta revolução elétrica!

#BYDBrasil #VELatinoAmericano #Eletromobilidade";142 curtidas;https://www.instagram.com/p/CyByemXuEsW/;2024-06-02;https://www.instagram.com/byd_brasil?utm_source=ig_web_button_share_sheet&igsh=ZDNlZDc0MzIxNw==
2023-10-06;"Você sabe qual a relação entre a string box, uma forte chuva e um país como o Brasil? 🤔

Com a maior incidência de descarga elétrica do planeta, os consumidores de energia solar no Brasil precisam estar protegidos para evitar grandes prejuízos.

Arraste para o lado e saiba mais sobre essa relação. 👉

#EnergiaSolar #Segurança #BYDEnergy";106 curtidas;https://www.instagram.com/p/CyD_YpdL9vO/?img_index=1;2024-06-02;https://www.instagram.com/byd_brasil?utm_source=ig_web_button_share_sheet&igsh=ZDNlZDc0MzIxNw==
2023-10-10;"Imagine um mundo com cidades mais limpas, ar mais puro e as emissões de carbono reduzidas a zero. Com o chassi de ônibus D11B da BYD, São José dos Campos é um exemplo de cidade que está no caminho para esse sonho se tornar realidade. 🌟

Desde 2022, circulam no município 12 ônibus articulados 100% elétricos da BYD. Em doze meses, de agosto de 2022 a julho de 2023, os ônibus da BYD rodaram 644.134 quilômetros pelo corredor Linha Verde, evitando a emissão de 1.646,12 toneladas de gás carbônico na atmosfera, o equivalente ao plantio de 11.729 árvores.

#BYDBrasil #MobilidadeSustentável #ChassiD11B";361 curtidas;https://www.instagram.com/p/CyO2xJbOC1s/;2024-06-02;https://www.instagram.com/byd_brasil?utm_source=ig_web_button_share_sheet&igsh=ZDNlZDc0MzIxNw==
2023-10-10;"Alô, Camaçari! A BYD realizou ontem o evento de inauguração das futuras fábricas na cidade. 😍

O evento contou com a presença do fundador e CEO, Wang Chuanfu, da vice-presidente executiva e CEO para as Américas, Stella Li, e do presidente da BYD Brasil, Tyler Li, além de diversas autoridades federais, estaduais e municipais.

A oficialização da chegada da BYD no nordeste brasileiro é um divisor de águas para a indústria automotiva nacional, que volta a investir e produzir no estado.

As fábricas irão produzir chassis de ônibus, caminhões elétricos e processar lítio e ferro fosfato. Além disso, já estão confirmadas as produções dos carros BYD Dolphin, BYD Song Plus e BYD Yuan Plus nas unidades.

#BYD #BYDBrasil #BYDEnergy #Camaçari";1.587 curtidas;https://www.instagram.com/p/CyOVcHIrt_l/?img_index=1;2024-06-02;https://www.instagram.com/byd_brasil?utm_source=ig_web_button_share_sheet&igsh=ZDNlZDc0MzIxNw==
2023-10-11;"Com uma operação simples, por ser leve, com controle facilitado e com freios eletromagnéticos que garantem resposta rápida, a P20JW não só agiliza a sua operação, mas também simplifica o trabalho diário.

Experimente a revolução da logística verde junto com a BYD! 🚀🔋

#BYDBrasil #TranspaleteiraElétrica #LogísticaInovadora";99 curtidas;https://www.instagram.com/p/CyRbxuKOMcI/;2024-06-02;https://www.instagram.com/byd_brasil?utm_source=ig_web_button_share_sheet&igsh=ZDNlZDc0MzIxNw==
2023-10-13;"Até agosto deste ano, a BYD contribuiu para a redução de 38.206.369.005 kg de emissões de carbono em todo o mundo, equivalente a quase 40 milhões de toneladas.

Da geração de energia ao uso na mobilidade elétrica, esse número é resultado da missão da BYD em reduzir a temperatura da terra em 1ºC. 🌍💚

#BYDEnergy #EmissõesReduzidas #Sustentabilidade";113 curtidas;https://www.instagram.com/p/CyVy-Rvr-kP/;2024-06-02;https://www.instagram.com/byd_brasil?utm_source=ig_web_button_share_sheet&igsh=ZDNlZDc0MzIxNw==
2023-10-17;"A BYD Brasil atua no ramo de movimentação logística desde 2015, já tendo entregue mais de 2 mil equipamentos a empresas preocupadas com a redução de custos e a preservação ambiental.

Conte com a BYD para soluções sustentáveis de movimentação interna.

Sabia mais em https://www.byd.com.br

#BYDBrasil #Empilhadeiras #Sustentabilidade";567 curtidas;https://www.instagram.com/p/CygWh51uyqQ/?img_index=1;2024-06-02;https://www.instagram.com/byd_brasil?utm_source=ig_web_button_share_sheet&igsh=ZDNlZDc0MzIxNw==
2023-10-17;"A presença da BYD Energy no Brasil está mais forte do que nunca! 💪

Com uma estrutura completa para fabricação, testes de P&D e distribuição de módulos por todo o país, a BYD se solidifica, cada vez mais, como uma empresa completa para soluções em energia limpa.

Do pioneirismo na fabricação de módulos no Brasil às novas fábricas para veículos 100% elétricos na Bahia, a BYD chegou para transformar a indústria verde do Brasil.

Construa seus sonhos junto com uma das maiores greentechs do mundo, presente em todas as etapas em solo nacional. ☀️

#BYDBrasil #BYDEnergy #EnergiaSolar";864 curtidas;https://www.instagram.com/p/CygfZJ9rU_e/;2024-06-02;https://www.instagram.com/byd_brasil?utm_source=ig_web_button_share_sheet&igsh=ZDNlZDc0MzIxNw==
2023-10-18;"A BYD Energy já investiu mais de R$ 50 milhões em P&D no Brasil. Parte desse recurso é direcionada a estudos realizados em parceria com as principais universidades e institutos de pesquisa do país, como Unicamp, Unesp, CTI Renato Archer, UFSC e Instituto Eldorado.

Essas parcerias resultam em estudos que são apresentados em grandes eventos do setor ao redor do mundo, levando o trabalho do P&D da BYD para além das fronteiras do Brasil. Dessa forma, a BYD investe não apenas em pesquisas para novas tecnologias, mas também no desenvolvimento de todo o setor.

#BYD #BYDEnergy #EnergiaSolar #BYDBrasil";196 curtidas;https://www.instagram.com/p/Cyiy0dBr66A/;2024-06-02;https://www.instagram.com/byd_brasil?utm_source=ig_web_button_share_sheet&igsh=ZDNlZDc0MzIxNw==
2023-10-19;"A BYD participa hoje no 29º Workshop de Logística Soluções e Tendências – Especial Grande Jundiaí 2023, em Itupeva, São Paulo.

Está exposta no estande da BYD a ECB 20, empilhadeira 100% elétrica equipada com bateria de lítio que possui alta eficiência de carga e descarga em comparação com as baterias tradicionais de chumbo-ácido.

Acompanhe nossas redes sociais para ver os detalhes dessa participação.

#BYDBrasil #Empilhadeiras #EmpilhadeiraEletrica";64 curtidas;https://www.instagram.com/p/CylT3nSuwl-/;2024-06-02;https://www.instagram.com/byd_brasil?utm_source=ig_web_button_share_sheet&igsh=ZDNlZDc0MzIxNw==
2023-10-20;"O BYD D1 é o equilíbrio perfeito entre tecnologia avançada e segurança.

Equipado com um sistema de auxílio ao motorista que inclui alerta de saída de faixa, aviso preditivo de colisão e freio de emergência automático, o BYD D1 é sinônimo de segurança no trânsito.

Acesse o link da bio e saiba mais sobre como o BYD D1 pode transformar a sua frota.

#BYDBrasil #MobilidadeSustentavel";506 curtidas;https://www.instagram.com/p/Cyn4l_9ugWs/;2024-06-02;https://www.instagram.com/byd_brasil?utm_source=ig_web_button_share_sheet&igsh=ZDNlZDc0MzIxNw==
2023-10-20;"Mobilidade urbana sustentável ⚡🚌

Durante a próxima semana, a BYD estará presente na Arena ANTP apresentando suas soluções: chassi de ônibus D9A, BYD Yuan Plus, a solução completa em energia solar e suas baterias.

Acompanhe nossas redes sociais para ver os detalhes dessa participação.

#onibuseletrico #antp2023 #transporteurbano";330 curtidas;https://www.instagram.com/p/Cyojx9pgtVc/;2024-06-02;https://www.instagram.com/byd_brasil?utm_source=ig_web_button_share_sheet&igsh=ZDNlZDc0MzIxNw==
2023-10-23;"Entre os dias 24 e 26 deste mês, a BYD estará presente na Arena ANTP 2023, o 23º Congresso de Mobilidade Urbana da Associação Nacional de Transportes Públicos.

Durante o evento, você poderá conhecer de perto os módulos e as células de uma bateria utilizada em ônibus, além do chassi do ônibus BYD D9A, o BYD Yuan Plus, veículo 100% elétrico, e a solução completa de energia solar.
Aproveite a oportunidade para visitar o stand da BYD em um dos maiores eventos de mobilidade urbana do país.

📍 Avenida 01 - stand 111 — Transamérica Expo Center | São Paulo, SP
📅 24, 25 e 26 de outubro

#BYDBrasil #ANTPArena2023 #MobilidadeUrbana";122 curtidas;https://www.instagram.com/p/Cyv-MBdu6DT/;2024-06-02;https://www.instagram.com/byd_brasil?utm_source=ig_web_button_share_sheet&igsh=ZDNlZDc0MzIxNw==
2023-10-24;"Nesta terça-feira, a cidade de Manaus completa 354 anos de história, cultura e muita inovação. 🎈 🥳

Um dos principais polos industriais do Brasil, Manaus abriu as portas para receber a fábrica de baterias de ônibus da BYD em 2020. De lá para cá, essa relação prospera com cada vez mais energia rumo a um futuro mais sustentável.

Parabéns a todos os manauaras por toda a história dessa grande cidade. ❤️

#Manaus #BYD #BYDBrasil";123 curtidas;https://www.instagram.com/p/CyzATQ2OOMk/;2024-06-02;https://www.instagram.com/byd_brasil?utm_source=ig_web_button_share_sheet&igsh=ZDNlZDc0MzIxNw==
2023-10-24;"A BYD reafirma seu compromisso em seguir investindo no Brasil.

Já são 4 fábricas em operação no país e outras 3 em construção na Bahia. Juntos, BYD e Brasil constroem um futuro mais verde e inovador. 🌱⚡

#BYDEnergy #Cleantech #InovacaoSustentavel";1.604 curtidas;https://www.instagram.com/p/Cyyvg18Ryb6/;2024-06-02;https://www.instagram.com/byd_brasil?utm_source=ig_web_button_share_sheet&igsh=ZDNlZDc0MzIxNw==
2023-10-24;"A BYD está presente na Arena ANTP, maior feira de transporte público do Brasil, com seus chassis de ônibus 100% elétricos e as mais avançadas e seguras baterias de fosfato de ferro-lítio, ambos produzidos em solo nacional.

Visite o stand da BYD para conhecer de perto a tecnologia que garante eficiência e segurança para operadores de ônibus, a solução completa em energia solar e carro 100% elétrico BYD Yuan Plus.⚡️

📍 Avenida 01 - stand 111 — Transamérica Expo Center | São Paulo, SP
📅 24, 25 e 26 de outubro

#BYD #TransportePublico #EnergiaLimpa #ArenaANTP";•;https://www.instagram.com/p/Cyy2S3KxW8T/;2024-06-02;https://www.instagram.com/byd_brasil?utm_source=ig_web_button_share_sheet&igsh=ZDNlZDc0MzIxNw==
2023-10-25;"A BYD é a maior fabricante de ônibus elétricos do mundo, com mais de 90 mil unidades rodando em todo o planeta. E você pode conhecer essa tecnologia durante a Arena ANTP, em São Paulo, que acontece até o dia 26 no Transamérica Expo Center.

Fabricado em Campinas/SP, o chassi modelo D9A da BYD em exposição é 100% elétrico, com zero emissão de poluentes e totalmente silencioso. Ele foi desenvolvido para linhas urbanas com carrocerias de até 13 metros de comprimento. A bateria do modelo D9A tem até 250 km de autonomia, com baixo custo de manutenção.

Aproveite para conhecer de perto a tecnologia da empresa que está transformando o transporte público em todo o mundo.

📍Avenida 01 - Estande 111 - Transamérica Expo Center | São Paulo/SP
📆 Até 26 de outubro

#BYDBrasil #ArenaANTP #Onibuseletrico";•;https://www.instagram.com/p/Cy04iQgOOKl/;2024-06-02;https://www.instagram.com/byd_brasil?utm_source=ig_web_button_share_sheet&igsh=ZDNlZDc0MzIxNw==
2023-10-25;"A BYD, como uma empresa cidadã,
busca levar em conta em suas atividades os Objetivos de Desenvolvimento Sustentável (ODS) da ONU, princípios que visam mobilizar a sociedade na adoação e promoção de ações nas áreas de direitos humanos, trabalho, meio ambiente e combate à corrupção.
Ao integrar o Pacto Global, a BYD se compromete a reportar anualmente seu progresso em relação aos princípios estabelecidos. Dessa forma, a empresa percorre uma trajetória rumo a um futuro mais sustentável para todos.

#BYDEnergy #sustentabilidade #ODS #ONU";97 curtidas;https://www.instagram.com/p/Cy1edQIOxxa/?img_index=1;2024-06-02;https://www.instagram.com/byd_brasil?utm_source=ig_web_button_share_sheet&igsh=ZDNlZDc0MzIxNw==
2023-10-25;"A mobilidade elétrica no Brasil já é uma realidade com a BYD. ⚡

Diversas cidades ao redor do país já adotaram a tecnologia BYD em seu transporte público. Dentre elas, estão Volta Redonda (RJ), Brasília (DF), Salvador (BA), Maringá (PR), Santo André (SP), Bauru (SP), São José dos Campos (SP), Mauá (SP), Santos (SP) e São Paulo (SP).

Junte-se à BYD para transformar o futuro da mobilidade de forma sustentável no Brasil.

#BYDBrasil #MobilidadeEletrica #OnibusEletrico";608 curtidas;https://www.instagram.com/p/Cy0nD7UOx4n/;2024-06-02;https://www.instagram.com/byd_brasil?utm_source=ig_web_button_share_sheet&igsh=ZDNlZDc0MzIxNw==
2023-10-26;"O Diretor de Vendas de Ônibus da BYD, Bruno Paiva, falou um pouco sobre o chassi de ônibus 100% elétrico D9A da BYD durante a Arena ANTP, o Congresso de Mobilidade Urbana da Associação Nacional de Transportes Públicos.

Aproveite para conhecer de perto essa e outras soluções de energia limpa da BYD durante o evento, que acontece até hoje, às 20h, em São Paulo.

#BYD #BYDBrasil #Onibuseletrico #Onibus";447 curtidas;https://www.instagram.com/p/Cy3S8XKOtwx/;2024-06-02;https://www.instagram.com/byd_brasil?utm_source=ig_web_button_share_sheet&igsh=ZDNlZDc0MzIxNw==
2023-10-26;"Equipado com bateria de fosfato ferro-lítio, o caminhão 100% elétrico BYD eT7 oferece garantia de 5 anos ou 500.000 km para bateria garantindo segurança e adaptação às necessidades da sua frota.
Escolha a confiança, escolha BYD.

#BYDBrasil #CaminhaoEletrico #sustentabilidade";168 curtidas;https://www.instagram.com/p/Cy3u_dUu35v/;2024-06-02;https://www.instagram.com/byd_brasil?utm_source=ig_web_button_share_sheet&igsh=ZDNlZDc0MzIxNw==
2023-10-27;"A equipe da BYD Skyrail palestrou sobre a importância e os processso de produção das portas de plataforma em projetos de mobilidade na 15ª MonorailEX, realizada pela primeira vez no Brasil.

Consideradas um dos principais equipamentos de segurança das estações, as portas das plataformas restrigem o acesso dos passageiros à área das vias de circulação dos trens, proporcionando um ambiente de elevada segurança.

A BYD é responsável pelo fornecimento de trens do sistema Skyrail da linha 17-Ouro de São Paulo em um projeto que terá fluxo diário de até 185 mil passageiros. Com emissão zero de poluentes, essa é mais uma solução BYD que transforma o dia a dia da população preservando o meio ambiente.

#BYD #BYDBrasil #Skyrail #Metro";213 curtidas;https://www.instagram.com/p/Cy5wnQnuGyG/;2024-06-02;https://www.instagram.com/byd_brasil?utm_source=ig_web_button_share_sheet&igsh=ZDNlZDc0MzIxNw==
2023-10-27;"Mais um evento finalizado com sucesso. 😍

A Arena ANTP 2023 reuniu os principais fabricantes de soluções para o transporte público em São Paulo, e a BYD não poderia ficar de fora.

Confira imagens do evento em que os visitantes puderam conhecer de perto o chassi do ônibus BYD D9A, o BYD Yuan Plus 100% elétrico e a solução completa de energia solar, que conta com módulos fotovoltaicos fabricados 100% no Brasil.

#BYD #BYDBRasil #Onibuseletrico #EnergiaSolar";442 curtidas;https://www.instagram.com/p/Cy50cHzOI9h/;2024-06-02;https://www.instagram.com/byd_brasil?utm_source=ig_web_button_share_sheet&igsh=ZDNlZDc0MzIxNw==
2023-10-30;"Veículo elétrico mais emplacado do Brasil em setembro, o BYD Dolphin conquistou a classificação máxima de 5 estrelas no Programa Australiano de Avaliação de Novos Carros (ANCAP), uma das mais conceituadas avaliações sobre segurança veicular, que ressaltou a proteção para oculpantes adultos em testes de colisão. 🐬💪

O mais recente lançamento da BYD no Brasil, o sport coupé elétrico BYD Seal seguiu o mesmo caminho e também garantiu nota máxima em segurança no teste, com destaque para a proteção do motorista e crianças no banco do passageiro.

Para a BYD, eficiência e segurança serão sempre prioridades. ⭐⭐⭐⭐⭐

#BYD #BYDBrasil";698 curtidas;https://www.instagram.com/p/CzCRGuru7pi/;2024-06-02;https://www.instagram.com/byd_brasil?utm_source=ig_web_button_share_sheet&igsh=ZDNlZDc0MzIxNw==
2023-10-31;"Desde 2015, a BYD está presente no mercado brasileiro, oferecendo empilhadeiras de alta qualidade e atendimento especializado nacional diretamente da fábrica.
Em todas as regiões do país, a empresa disponibiliza suporte técnico, envio de produtos e peças, e conta com uma equipe preparada e capacitada para atender às demandas dos clientes no setor de empilhadeiras.

Saiba mais sobre os serviços de venda da BYD clicando no link da bio!

#BYDBrasil #EmpilhadeirasEletricas #AtendimentoEspecializado";101 curtidas;https://www.instagram.com/p/CzEyVcVuouN/;2024-06-02;https://www.instagram.com/byd_brasil?utm_source=ig_web_button_share_sheet&igsh=ZDNlZDc0MzIxNw==
2023-11-01;"A BYD não para de crescer. ⬆️👷🏿‍♀️

Mais de 90 mil engenheiros pesquisadores em todo o mundo podem se orgulhar de carregar o crachá da BYD no peito.

O resultado disso? As soluções de geração e armazenamento de energia e mobilidade elétrica mais avançadas do planeta. ⚡

#BYDBrasil #BYDEnergy #engenheiros #sustentabilidade";89 curtidas;https://www.instagram.com/p/CzHcf17Rmr4/;2024-06-02;https://www.instagram.com/byd_brasil?utm_source=ig_web_button_share_sheet&igsh=ZDNlZDc0MzIxNw==
2023-11-08;"Em 2016, a BYD estabeleceu a missão de ajudar a diminuir a temperatura da terra em 1ºC. 🌎

Com soluções para geração e armazenamento de energia e mobilidade elétrica, a BYD tem transformado diariamente a realidade de milhões de pessoas ao redor de todo o mundo, sempre priorizando o bem-estar do planeta terra.

#BYDEnergy #sustentabilidade #energiasolar";439 curtidas;https://www.instagram.com/p/CzZYl1ZRI_u/;2024-06-02;https://www.instagram.com/byd_brasil?utm_source=ig_web_button_share_sheet&igsh=ZDNlZDc0MzIxNw==
2023-11-09;"Nos dias 16 e 17 de novembro, a BYD Energy estará presente, como patrocinadora master, dos eventos Energy Storage Brasil, do Congresso Brasileiro de Geração Distribuída e do Expo GD South America, que acontecem no Expominas, em Belo Horizonte/MG.

Durante o Energy Storage, especialistas da BYD farão uma palestra sobre a liderança global da empresa e suas principais soluções para o setor de armazenamento de energia.

Acompanhe nossas redes sociais para saber mais sobre as soluções BYD apresentadas no evento.

#BYD #BYDBrasil #BYDEnergy #EnergiaSolar";85 curtidas;https://www.instagram.com/p/CzcbAeMLPH8/?img_index=1;2024-06-02;https://www.instagram.com/byd_brasil?utm_source=ig_web_button_share_sheet&igsh=ZDNlZDc0MzIxNw==
2023-11-09;"As empilhadeiras 100% elétricas BYD oferecerem benefícios que transformam a intralogística: baterias duradouras, economia e zero emissão de carbono.

Com capacidade para operar em até 3 turnos, as baterias não possuem efeito memória e podem ser recarregadas totalmente em apenas duas horas. É a tecnologia BYD revolucionando a operação logística.

acesse nosso site para saber mais: https://www.byd.com.br/produtos/empilhadeiras/

#BYDBrasil #LogisticaVerde #EmpilhadeiraEletrica";150 curtidas;https://www.instagram.com/p/CzcH-gPuvE4/;2024-06-02;https://www.instagram.com/byd_brasil?utm_source=ig_web_button_share_sheet&igsh=ZDNlZDc0MzIxNw==
2023-11-10;"O Acordo Ambiental São Paulo tem como objetivo incentivar empresas, associações e municípios do estado a assumir compromissos de redução da emissão de gases do efeito estufa, a fim de conter o aquecimento global.

Como uma das maiores greentechs do mundo, além de aderir a acordos que visam preservar o meio ambiente, a BYD estabeleceu uma missão própria: ajudar a reduzir a temperatura da terra em 1°C.

Com as soluções da BYD, você também contribui com essa missão de preservação do planeta. 🌎

Saiba mais em byd.com.br/sustentabilidade

#BYDEnergy #CarbonoZero #AcordoAmbientalSP";60 curtidas;https://www.instagram.com/p/CzeWVXiL890/;2024-06-02;https://www.instagram.com/byd_brasil?utm_source=ig_web_button_share_sheet&igsh=ZDNlZDc0MzIxNw==
2023-11-13;"Renovando a maneira como você gerencia a sua frota, o BYD D1 EV 100% elétrico oferece autonomia de 100 km em apenas 20 minutos de recarga no carregador DC.
Com eficiência e velocidade de recarga, a BYD redefine o futuro da mobilidade elétrica.

Saiba mais sobre as soluções em mobilidade elétrica da BYD clicando no link da bio.

#BYDBrasil #MobilidadeSustentavel #RecargaRapida";317 curtidas;https://www.instagram.com/p/Czmat2Su0eS/;2024-06-02;https://www.instagram.com/byd_brasil?utm_source=ig_web_button_share_sheet&igsh=ZDNlZDc0MzIxNw==
2023-11-14;"Você sabia que o finame também facilita o financiamento de ônibus elétricos?

O chassi 100% elétrico BYD D9W fabricado no Brasil é elegível ao financiamento do BNDES, que impulsiona a aquisição de máquinas e equipamentos produzidos em solo nacional para fomentar o desenvolvimento industrial e tecnológico do país.

Junte-se à BYD na caminhada para o futuro do transporte eletrificado.

#BYDBrasil #MobilidadeSustentavel #FINAME";190 curtidas;https://www.instagram.com/p/Czoz7MEOMcM/?img_index=1;2024-06-02;https://www.instagram.com/byd_brasil?utm_source=ig_web_button_share_sheet&igsh=ZDNlZDc0MzIxNw==
2023-11-15;"Confira algumas das vantagens do uso de empilhadeiras elétricas BYD na sua intralogística:

💲 Menor custo operacional: baterias livres de manutenção e sem necessidade de sala de baterias
🕹️ Mais segurança: freios eletromagnéticos que conferem taxa de resposta baixíssima e controle preciso na operação
🛠️ Manutenção simplificada: pós vendas 100% dedicado e disponível para atendimento

#BYD #EmpilhadeiraEletrica #LogisticaVerde";69 curtidas;https://www.instagram.com/p/Czq1QeFOFfV/;2024-06-02;https://www.instagram.com/byd_brasil?utm_source=ig_web_button_share_sheet&igsh=ZDNlZDc0MzIxNw==
2023-11-15;"A sigla BYD nasceu da combinação de três palavras em inglês, Build Your Dreams. A junção dessas letras será tão lembrada por gerações atuais e futuras como a principal marca que hoje é sinônimo de algo espetacular. Isso ocorrerá porque a BYD está muito além da comercialização de veículos elétricos e módulos fotovoltaicos, mas atua, principalmente, na construção de um planeta melhor. 🌎☀️

A BYD tem a missão de ajudar a reduzir em 1ºC a temperatura da Terra. Para isso, desenvolveu diferentes soluções com o objetivo de transformar o planeta com a energia limpa.

De maior fabricante de módulos fotovoltaicos do Brasil a pioneira na montagem de chassis de ônibus 100% elétricos no país, a BYD segue mais firme com a sua missão de transformar o planeta.

#BYD #BYDBrasil #BYDEnergia #EnergiaSolar #OnibusEletrico";391 curtidas;https://www.instagram.com/p/CzrXFQSLyg9/;2024-06-02;https://www.instagram.com/byd_brasil?utm_source=ig_web_button_share_sheet&igsh=ZDNlZDc0MzIxNw==
2023-11-16;"Nos dias 21 e 22 deste mês, a BYD estará presente no 18º Fórum ABLA 🚗⚡

O evento é o maior encontro do setor de locação de veículos do Brasil e América Latina, com áreas de exposição e congressos. Visite nosso estande na posição D14 e conheça os modelos BYD Seal e BYD Dolphin Plus, além da solução solar completa BYD

📍 São Paulo Expo: Rodovia dos Imigrantes, km 1,5 Jabaquara - São Paulo, SP
📅 21 e 22 de novembro";148 curtidas;https://www.instagram.com/p/Czt_qh5OVsU/;2024-06-02;https://www.instagram.com/byd_brasil?utm_source=ig_web_button_share_sheet&igsh=ZDNlZDc0MzIxNw==
2023-11-17;"O FINAME é um modelo de financiamento oferecido pelo BNDES que tem como objetivo auxiliar empresas de todos os portes e setores na aquisição de bens de produção nacional.

A BYD, como maior fabricante de módulos fotovoltaicos do Brasil, é uma empresa contemplada pelo financiamento.

Arraste para o lado para aprender como solicitar o benefício e adquirir sua solução completa de energia solar BYD.

Em caso de dúvidas, acesse bydenergia.com e conte com um time especializado para o seu atendimento.
#BYDEnergy #BYDBrasil #FINAME";132 curtidas;https://www.instagram.com/p/Czwamt_rcXz/?img_index=1;2024-06-02;https://www.instagram.com/byd_brasil?utm_source=ig_web_button_share_sheet&igsh=ZDNlZDc0MzIxNw==
2023-11-20;"A vice-presidente global e CEO das Américas da BYD, Stella Li, foi nomeada pela revista TIME como uma das 100 líderes mundiais que promovem ações climáticas reais nos negócios.

A revista ressaltou a liderança de Stella Li na significante expansão da BYD fora da China, com destaque para a América do Sul. O investimento para construção das fábricas da BYD na Bahia também foi destaque na nomeação.

Saiba mais em: bit.ly/StellaLiTIME100

#BYD #BYDBrasil #TIME100 #TIME #Sustentabilidade";165 curtidas;https://www.instagram.com/p/Cz3mlDfrgvF/;2024-06-02;https://www.instagram.com/byd_brasil?utm_source=ig_web_button_share_sheet&igsh=ZDNlZDc0MzIxNw==
2023-11-20;"Os caminhões 100% elétricos BYD são multivocacionais e prontos para qualquer desafio.

O BYD eT18 entrega a versatilidade ideal para diferentes mercados como guincho, transporte de bebidas, refrigeração, coleta de lixo e muito mais.

Conheça a revolução em veículos pesados 100% elétricos com a BYD.

#BYDBrasil #InovaçãoSustentavel #CaminhaoEletrico";144 curtidas;https://www.instagram.com/p/Cz3tSLOuI97/;2024-06-02;https://www.instagram.com/byd_brasil?utm_source=ig_web_button_share_sheet&igsh=ZDNlZDc0MzIxNw==
2023-11-23;"A busca por práticas sustentáveis nas empresas cresce ano após ano. Atrelado ao aspecto ambiental, a locação de frotas corporativas com veículos 100% elétricos diminui custos com manutenção e abastecimento.

Durante os dias 21 e 22/11, a BYD apresentou suas soluções para o setor no Fórum ABLA, maior encontro de locação de veículos da América Latina.";•;https://www.instagram.com/p/Cz_VurVO2HV/;2024-06-02;https://www.instagram.com/byd_brasil?utm_source=ig_web_button_share_sheet&igsh=ZDNlZDc0MzIxNw==
2023-11-23;"Conheça a empilhadeira 100% elétrica BYD ECB18.

Além de ágil, com suas três rodas, a ECB18 proporciona um raio de giro mínimo de 1.640mm, capaz de operar com eficiência em ambientes com espaço reduzido.

Saiba mais sobre as diferentes linhas de empilhadeiras BYD no link da bio.

#BYDBrasil #logistica #empilhadeiras";61 curtidas;https://www.instagram.com/p/Cz_u05LOwzZ/;2024-06-02;https://www.instagram.com/byd_brasil?utm_source=ig_web_button_share_sheet&igsh=ZDNlZDc0MzIxNw==
2023-11-24;"𝑴𝒖𝒊𝒕𝒐 𝒐𝒃𝒓𝒊𝒈𝒂𝒅𝒐! Agradecemos sua visita ao nosso estande no fórum ABLA 2023! ⚡

As soluções da BYD para geração e armazenamento de energia e mobilidade elétrica garantem tecnologia e redução de custos à sua empresa.

Entre em contato com nossa equipe pelo e-mail vendas@byd.com para atender às suas necessidades.

#forumabla #mobilidadeeletrica";552 curtidas;https://www.instagram.com/p/C0CthTvAkJi/;2024-06-02;https://www.instagram.com/byd_brasil?utm_source=ig_web_button_share_sheet&igsh=ZDNlZDc0MzIxNw==
2023-11-27;"Já são 6 milhões de veículos de energia limpa produzidos pela maior fabricante de carros elétricos do mundo.

Em apenas 3 meses, a BYD fabricou mais de 1 milhão de novas unidades. No mês passado, a empresa vendeu 300 mil veículos eletrificados, estabelecendo um novo recorde global para o segmento. No Brasil, no mês de outubro, a BYD liderou o mercado de carros 100% elétricos com mais de 70% de participação.

A maior do mundo não para de crescer. ⚡🌎

#BYD #BYDBrasil #Carros #Carroselétricos";9.103 curtidas;https://www.instagram.com/p/C0KO9F0uZf4/;2024-06-02;https://www.instagram.com/byd_brasil?utm_source=ig_web_button_share_sheet&igsh=ZDNlZDc0MzIxNw==
2023-11-28;"O ônibus elétrico BYD D11B não emite poluentes e tem autonomia de até 250km, entregando ao sistema de transporte público eficiência e sustentabilidade.

✅ Conheça as soluções BYD para a mobilidade urbana no link da bio

#BYDBrasil #BYDD1 #MobilidadeSustentavel";664 curtidas;https://www.instagram.com/p/C0My_DwO6K4/;2024-06-02;https://www.instagram.com/byd_brasil?utm_source=ig_web_button_share_sheet&igsh=ZDNlZDc0MzIxNw==
2023-11-29;"Com menos de 2 metros de comprimento e 80 centímetros de largura, a transpaleteira BYD S14JW é ideal para operações em locais limitados que exigem robustez e agilidade.

Potencialize sua operação com as soluções para intralogística da BYD. Entre em contato com vendas@byd.com para saber mais.

#BYDBrasil #TranspaleteiraEletrica #Sustentabilidade";79 curtidas;https://www.instagram.com/p/C0PlS9MO0S0/;2024-06-02;https://www.instagram.com/byd_brasil?utm_source=ig_web_button_share_sheet&igsh=ZDNlZDc0MzIxNw==
2023-12-01;"Os carports são abrigos para veículos cobertos por módulos fotovoltaicos, que transformam áreas de estacionamento em geradores de energia limpa.

Uma forma sustentável de carregar a sua jornada e contribuir para a redução de emissões de CO₂.
A energia solar tem as mais diversas aplicações, e a BYD está preparada para todas elas.

Acesse bydenergia.com e adquira a solução completa para o seu projeto de carport.

#BYD #BYDEnergy #CarportSolar #EnergiaLimpa";119 curtidas;https://www.instagram.com/p/C0T2jborp8_/;2024-06-02;https://www.instagram.com/byd_brasil?utm_source=ig_web_button_share_sheet&igsh=ZDNlZDc0MzIxNw==
2023-12-01;"Sucesso de público e também de crítica: o BYD Dolphin acaba de ser eleito o Carro do Ano 2024, vencendo a principal categoria da tradicional premiação realizada pela revista AutoEsporte. É a primeira vez em 57 edições que um modelo movido a energia limpa conquista um dos prêmios mais expressivos e prestigiados do país.

No mesmo evento, o presidente da BYD Brasil, Tyler Li, recebeu o prêmio de Executivo do Ano por sua grande atuação à frente da BYD neste ano.

#carrodoano #carrodoano2024 #premio #vencedor #autoesporte #BYD #BYDDolphin #BYDBrasil";3.581 curtidas;https://www.instagram.com/p/C0UnJ1Nu_42/?img_index=1;2024-06-02;https://www.instagram.com/byd_brasil?utm_source=ig_web_button_share_sheet&igsh=ZDNlZDc0MzIxNw==
2023-12-01;"Líderes de todo o mundo estão reunidos na Conferência das Nações Unidas sobre Mudanças Climáticas, a COP28, para discutir sobre o futuro do planeta.

A vice-presidente Global da BYD, Stella Li, reforça o compromisso da BYD em ajudar a reduzir a temperatura da Terra em 1°C.

Através de um ecossistema sustentável de soluções, que vão da liderança global na fabricação de veículos eletrificados à produção de módulos fotovoltaicos e baterias para armazenamento de energia, a BYD cumpre um importante papel na redução das emissões de carbono em todo o mundo.

Confira o depoimento de Stella Li sobre a trajetória da BYD na construção de um futuro mais sustentável.

#BYD #BYDBrasil #COP28 #sustentabilidade";;https://www.instagram.com/p/C0Ut7RVO1pO/;2024-06-02;https://www.instagram.com/byd_brasil?utm_source=ig_web_button_share_sheet&igsh=ZDNlZDc0MzIxNw==
2023-12-05;"Quatro anos de avanço sustentável! Os ônibus elétricos BYD celebram seu aniversário de circulação em São Paulo, deixando um rastro verde na zona sul da cidade.

A operação, com 18 veículos na frota da Transwolff, já evitou a emissão de 15.768 toneladas, de CO₂, equivalente a 112.536 árvores.

✅ Conheça as soluções BYD para a mobilidade urbana no link da bio

#BYDBrasil #MobilidadeSustentavel";467 curtidas;https://www.instagram.com/p/C0exvXPu2Ze/;2024-06-02;https://www.instagram.com/byd_brasil?utm_source=ig_web_button_share_sheet&igsh=ZDNlZDc0MzIxNw==
2023-12-08;"A BYD oferece um ecossistema de soluções para alcançar seu principal objetivo: ajudar a reduzir a temperatura da Terra em 1ºC.

Da geração ao armazenamento de energia solar, passando pela mobilidade elétrica, a BYD se consolida como uma líder na transição energética, pronta para reduzir a temperatura global.

#BYD #BYDBrasil #EnergiaSolar";180 curtidas;https://www.instagram.com/p/C0mt2WMRKYT/;2024-06-02;https://www.instagram.com/byd_brasil?utm_source=ig_web_button_share_sheet&igsh=ZDNlZDc0MzIxNw==
2023-12-11;"A BYD recebeu o Selo de Direitos Humanos e Diversidade entregue pela Prefeitura de São Paulo na última semana. A iniciativa reconhece as boas práticas de gestão e direitos humanos de empresas, organizações sociais e órgãos públicos no desenvolvimento de políticas de inclusão de vários segmentos da população.

Neste ano, a BYD criou o Comitê das Mulheres Wise — Women in Search of Excellence, iniciativa que resultou na premiação e que tem como objetivo encorajar, fomentar a contratação e debater desafios e oportunidades de crescimento para as mulheres, além de dar abertura para a discussão de assuntos pessoais e profissionais.

Esse é mais um reconhecimento do compromisso da BYD com as medidas de apoio às suas colaboradoras.

#BYD #BYDBrasil #Mulheres";254 curtidas;https://www.instagram.com/p/C0uFRwELHTj/;2024-06-02;https://www.instagram.com/byd_brasil?utm_source=ig_web_button_share_sheet&igsh=ZDNlZDc0MzIxNw==
2023-12-11;"Neste Dia do Engenheiro, a BYD parabeniza seus 90 mil engenheiros pesquisadores que transformam desafios em soluções e contribuem com o objetivo da empresa de ajudar a reduzir a temperatura da Terra em 1°C.

#BYD #BYDEnergy #DiaDoEngenheiro #Sustentabilidade";91 curtidas;https://www.instagram.com/p/C0ug_AjxhZN/;2024-06-02;https://www.instagram.com/byd_brasil?utm_source=ig_web_button_share_sheet&igsh=ZDNlZDc0MzIxNw==
2023-12-12;"Até 11 de dezembro de 2023, a BYD evitou a emissão de 46.228.242.729 kg de carbono, o equivalente ao plantio de 770.470.712 árvores.

Vamos continuar lutando por um futuro mais verde. 🌍⚡

#BYD #BYDBrasil #Sustentabilidade #Carbono #CO2";462 curtidas;https://www.instagram.com/p/C0w6-0CRbv9/;2024-06-02;https://www.instagram.com/byd_brasil?utm_source=ig_web_button_share_sheet&igsh=ZDNlZDc0MzIxNw==
2023-12-13;"Conectando o futuro com inovação sustentável, a BYD oferece em sua linha de ônibus elétricos os modelos D9A, D9F, D9W e D11B, com opções de piso alto e piso baixo, que atendem todas as necessidades do transporte público, oferecendo soluções que contribuem com um futuro mais limpo e eficiente.

✅ Conheça as soluções BYD em mobilidade urbana em byd.com.br

#BYDBrasil #MobilidadeSustentavel";234 curtidas;https://www.instagram.com/p/C0zqHSdOKeI/?img_index=1;2024-06-02;https://www.instagram.com/byd_brasil?utm_source=ig_web_button_share_sheet&igsh=ZDNlZDc0MzIxNw==
2023-12-14;"O presidente da BYD Brasil, Tyler Li, foi escolhido como uma das 100 pessoas mais influentes no setor de energia em 2023 pela revista Full Energy. O prêmio foi entregue em um evento realizado em São Paulo na noite da última quarta-feira. 🏆☀️

Este é mais um reconhecimento do trabalho realizado pela BYD ao longo do ano, liderando a transição energética no Brasil. ⚡🌎";153 curtidas;https://www.instagram.com/p/C0199WsL5D4/;2024-06-02;https://www.instagram.com/byd_brasil?utm_source=ig_web_button_share_sheet&igsh=ZDNlZDc0MzIxNw==
2023-12-14;"Explore o futuro da conectividade com o BYD eT18. O caminhão é totalmente adaptável aos sistemas de conectividade para rastreamento e monitoramento remoto (telemetria).

Através da leitura da rede CAN e o protocolo que a BYD disponibiliza, qualquer empresa de telemetria pode monitorar o veículo.

Descubra o poder da tecnologia conectada com o caminhão eT18 da BYD. Fale com nosso time comercial em vendas@byd.com

#BYDBrasil #CaminhaoEletrico #LogisticaSustentavel";153 curtidas;https://www.instagram.com/p/C01zLIqunlM/;2024-06-02;https://www.instagram.com/byd_brasil?utm_source=ig_web_button_share_sheet&igsh=ZDNlZDc0MzIxNw==
2023-12-15;"O mais avançado laboratório de P&D da América Latina voltado para o desenvolvimento da energia solar! ⚡☀️

A BYD Energy já é a maior fabricante de módulos fotovoltaicos do Brasil. Agora, possui uma estrutura completa voltada para estudar todo o ciclo de produção dos painéis solares, desde o beneficiamento do minério de silício.

Confira imagens do novo laboratório de P&D da BYD Energy! 😍

#BYD #BYDEnergy #EnergiaSolar";880 curtidas;https://www.instagram.com/p/C04zEwExhU0/;2024-06-02;https://www.instagram.com/byd_brasil?utm_source=ig_web_button_share_sheet&igsh=ZDNlZDc0MzIxNw==
2023-12-15;"A BYD Energy inaugurou, nesta sexta-feira, em Campinas/SP, o primeiro laboratório da América Latina com capacidade para estudar todo o ciclo para a produção de módulos fotovoltaicos, desde o beneficiamento do minério de silício, a principal matéria prima.

O evento contou com a participação da vice-presidente global da BYD, Stella Li, do presidente da BYD Brasil, Tyler Li, e de autoridades como o vice-governador do Estado de São Paulo, Felício Ramuth, e o prefeito de Campinas, Dário Saad.

Com mais esse investimento, a empresa ultrapassou R$ 65 milhões em aplicações para pesquisa e desenvolvimento do setor de energia solar no Brasil.

#BYD #BYDEnergy #EnergiaSolar";1.831 curtidas;https://www.instagram.com/p/C04oUimx0Ke/;2024-06-02;https://www.instagram.com/byd_brasil?utm_source=ig_web_button_share_sheet&igsh=ZDNlZDc0MzIxNw==
2023-12-18;"Com capacidade de carga de 25 toneladas, o rebocador BYD Green Tug entrega potência sem emissão de poluentes.

Surpreenda-se com a eficiência do Green Tug BYD e caminhe para o futuro da mobilidade elétrica e sustentável.

#BYD #GreenTug #RebocadorElétrico #MobilidadeSustentavel";106 curtidas;https://www.instagram.com/p/C1ASLJbOcFA/;2024-06-02;https://www.instagram.com/byd_brasil?utm_source=ig_web_button_share_sheet&igsh=ZDNlZDc0MzIxNw==
2023-12-18;"A BYD Energy amplia sua atuação no mercado com o lançamento de carregadores veiculares rápidos e ultrarrápidos no país.

O objetivo principal é contribuir com soluções de alta tecnologia para a expansão da infraestrutura no país, trazendo a sustentabilidade, desde a geração de energia até o produto final, o veículo eletrificado.

Dentre as novidades, está o Grid Zero, de 210kW um modelo de ultratecnologia. Sua principal vantagem é estar associado ao armazenamento direto de energia através de baterias.

#BYD #BYDEnergy #Carregador #VeiculoEletrico";1.135 curtidas;https://www.instagram.com/p/C1AZPvmRATf/;2024-06-02;https://www.instagram.com/byd_brasil?utm_source=ig_web_button_share_sheet&igsh=ZDNlZDc0MzIxNw==
2023-12-19;"O caminhão 100% elétrico BYD eT18 21.250 ajuda a sua empresa a atingir eficiência máxima na logística.

Com carregamento completo em até duas horas (carregador tipo DC), o BYD eT18 oferece maior produtividade para sua frota.

⚡Confira mais recursos inovadores do BYD eT18. Acesse nosso site (Link na bio).

#BYDBrasil #sustentabilidade #eT18";543 curtidas;https://www.instagram.com/p/C1CSCs1u5IZ/;2024-06-02;https://www.instagram.com/byd_brasil?utm_source=ig_web_button_share_sheet&igsh=ZDNlZDc0MzIxNw==
2023-12-19;"A BYD celebra a produção do chassi de ônibus elétrico de número 200 produzido em sua fábrica de Campinas/SP. A unidade foi o primeiro negócio da BYD no Brasil, e hoje opera para entregar soluções que vão impactar a mobilidade pública de grandes cidades em todo o país.

Com opções urbanas e rodoviárias de piso alto, baixo e também articulado, os ônibus BYD deixam de emitir, em média, 129 toneladas de CO2, o equivalente ao plantio de 925 árvores.

✅ Conheça as soluções BYD para a mobilidade urbana no link da bio.

#BYDBrasil #MobilidadeSustentavel0";964 curtidas;https://www.instagram.com/p/C1CrINiu0RN/;2024-06-02;https://www.instagram.com/byd_brasil?utm_source=ig_web_button_share_sheet&igsh=ZDNlZDc0MzIxNw==
2023-12-19;"Na última sexta-feira, a BYD inaugurou seu novo laboratório de Pesquisa e Desenvolvimento em energia solar, sustentabilidade e semicondutores. Confira a reportagem da RedeTV! sobre essa novidade, mostrando os benefícios desse investimento para o desenvolvimento do setor no Brasil.

#BYD #BYDEnergy #EnergiaSolar #PesquisaeDesenvolvimento";274 curtidas;https://www.instagram.com/p/C1C_jTExLFo/;2024-06-02;https://www.instagram.com/byd_brasil?utm_source=ig_web_button_share_sheet&igsh=ZDNlZDc0MzIxNw==
2023-12-20;"Chegou a hora de levar a solução completa da BYD para a sua casa. Até o dia 31 de dezembro, quem comprar um BYD Tan ou BYD Han ganha um kit solar da BYD Energy! ⚡☀️

Confira as condições da promoção:
- Promoção válida para compras em todas as concessionárias BYD.
- Produtos serão entregues em até 25 dias (exceto para a região norte e nordeste do país, com prazo previsto de até 40 dias) no endereço indicado na compra.
- Condições válidas para vendas consolidadas somente até 31/12/2023.
- Kit solar composto por 24 placas de painel solar da marca, modelo 540 (importado), inversor BYD Pro Tri 12 KW 2 MPPT 380V, estrutura completa, trilhos em perfil de alumínio, cabos solares e todos os conectores necessários para a fixação do material.
- Custos com serviços de instalação serão de responsabilidade do cliente.
- BYD poderá indicar parceiro para realizar a instalação do sistema na casa do ganhador.

#BYD #BYDBrasil #BYDEnergy #BYDHan #BYDTan";754 curtidas;https://www.instagram.com/p/C1Fe-wDxvYP/;2024-06-02;https://www.instagram.com/byd_brasil?utm_source=ig_web_button_share_sheet&igsh=ZDNlZDc0MzIxNw==
2023-12-21;"A maior fábrica de automóveis da BYD fora da China tem a expectativa de gerar até 10 mil novos empregos diretos e indiretos para atuação no complexo de Camaçari, na Bahia.

Os processos seletivos e de qualificação devem começar em breve, e a previsão é que os primeiros carros BYD fabricados no Brasil fiquem prontos até o final de 2024.

A BYD já possui fábricas de módulos fotovoltaicos e chassis de ônibus em Campinas/SP, e uma unidade para produção de baterias em Manaus/AM.

#BYD #BYDBrasil #BYDEnergy";2.694 curtidas;https://www.instagram.com/p/C1IC6NNOlCI/;2024-06-02;https://www.instagram.com/byd_brasil?utm_source=ig_web_button_share_sheet&igsh=ZDNlZDc0MzIxNw==
2023-12-22;"Com mais de 44% da frota de ônibus elétricos na América Latina, a BYD está comprometida em transformar o cenário do transporte com soluções inovadoras e sustentáveis.

Junte-se à BYD nesta jornada rumo a um futuro mais limpo e sustentável.

#BYD #MobilidadeSustentavel #OnibusEletrico";177 curtidas;https://www.instagram.com/p/C1KNbvrOj-w/?img_index=1;2024-06-02;https://www.instagram.com/byd_brasil?utm_source=ig_web_button_share_sheet&igsh=ZDNlZDc0MzIxNw==
2023-12-23;"A BYD é lider em tecnologia de baterias, com sua tradição pioneira em tecnologia de ferro-lítio a BYD conquistou uma bateria com vida útil prolongada e possibilidade de recarga de oportunidade sem efeito memória

Junto a BYD garanta desempenho excepcional para otimizar suas operações logística.

Saiba mais sobre nossa linha de empilhadeiras clicando no link da bio.

#BYD #LogisticaSustentavel #EficienciaEnergetica";79 curtidas;https://www.instagram.com/p/C1MrfkzuZd5/;2024-06-02;https://www.instagram.com/byd_brasil?utm_source=ig_web_button_share_sheet&igsh=ZDNlZDc0MzIxNw==
2023-12-25;"Neste Natal, pegue carona com o BYD D1 para os destinos mais mágicos. 🎄🚗✨

Com um espaço interno otimizado e assentos sob-medida que proporcionam grande conforto, o BYD D1 é a opção ideal para todas as viagens.

#BYDBrasil #MobilidadeSustentavel #RecargaRapida";257 curtidas;https://www.instagram.com/p/C1R1HLSur-4/;2024-06-02;https://www.instagram.com/byd_brasil?utm_source=ig_web_button_share_sheet&igsh=ZDNlZDc0MzIxNw==
2023-12-27;"Conheça a empilhadeira BYD ECB70: a combinação perfeita entre força e zero emissões, proporcionando um ambiente de trabalho mais eficiente e sustentável.

-Capacidade para 7 toneladas
-Alcança uma altura de 4,5 metros
-Carregamento em até cinco horas e meia
-Equipada com quatro rodas

✅ Conheça as soluções BYD para a logística sustentável no link da bio.

#BYDBrasil #LogisticaSustentavel";70 curtidas;https://www.instagram.com/p/C1W-tOZOi2i/;2024-06-02;https://www.instagram.com/byd_brasil?utm_source=ig_web_button_share_sheet&igsh=ZDNlZDc0MzIxNw==
2023-12-31;"Vem aí um ano repleto de novas energias! Conte com a BYD para um futuro sustentável e movido pela energia limpa.

#BYDBrasil #LogisticaVerde";372 curtidas;https://www.instagram.com/p/C1iB5gwOb1w/;2024-06-02;https://www.instagram.com/byd_brasil?utm_source=ig_web_button_share_sheet&igsh=ZDNlZDc0MzIxNw==
2024-01-02;"Transforme em realidade suas metas de ESG de 2024 com a BYD! Como a primeira montadora do mundo a obter certificação ESG para suas concessionárias no Brasil, a BYD está na vanguarda das práticas ambientais, sociais e de governança.

Descubra como as soluções completas de geração e armazenamento de energia da BYD, logística verde, transporte urbano sustentável e mobilidade elétrica podem fazer a diferença em sua jornada ESG.

✅ Conheça as soluções BYD no link da bio.

#BYD #ESG #Sustentabilidade";150 curtidas;https://www.instagram.com/p/C1m3thyOoNw/;2024-06-02;https://www.instagram.com/byd_brasil?utm_source=ig_web_button_share_sheet&igsh=ZDNlZDc0MzIxNw==
2024-01-05;"A BYD oferece serviços de Engenharia, Suprimentos e Construção (EPC) para atender à demanda energética de grandes empresas.

Da concepção à implementação da usina, a BYD é responsável por todas as etapas do projeto, garantindo eficiência energética com garantia de desempenho dos módulos por 25 anos.

#BYDEnergy #EnergiaSustentavel #EPC";218 curtidas;https://www.instagram.com/p/C1uJ7OtrRdM/;2024-06-02;https://www.instagram.com/byd_brasil?utm_source=ig_web_button_share_sheet&igsh=ZDNlZDc0MzIxNw==
2024-01-05;"O ano de 2023 terminou com a consagração da BYD como a maior produtora de carros elétricos do planeta. No Brasil, a liderança também foi nossa.

A BYD vendeu 17.947 veículos no país em 2023. Foram 10.274 carros 100% elétricos, contra 9.036 de todas as outras marcas somadas. Entre os 5 modelos 100% elétricos mais vendidos, 4 são BYD.

Já entre os híbridos plug-in, a liderança foi do BYD Song Plus.

2024 está apenas começando.⚡🌍

#BYD #BYDBrasil";6.079 curtidas;https://www.instagram.com/p/C1umU2Auv8N/?img_index=1;2024-06-02;https://www.instagram.com/byd_brasil?utm_source=ig_web_button_share_sheet&igsh=ZDNlZDc0MzIxNw==
2024-01-09;"A empilhadeira retrátil BYD RTR16 possui condução simplificada com o sistema de aceleração e freio em um único pedal, inovação que visa minimizar a necessidade do freio de serviço.

Com isso, a experiência do operador é otimizada e facilitada.

Saiba mais sobre as diferentes linhas de empilhadeiras BYD no link da bio.

#BYDBrasil #logistica #empilhadeiras";60 curtidas;https://www.instagram.com/p/C14_JALOsTP/;2024-06-02;https://www.instagram.com/byd_brasil?utm_source=ig_web_button_share_sheet&igsh=ZDNlZDc0MzIxNw==
2024-01-10;"Na BYD, a sustentabilidade não é apenas um compromisso, é um modo de operar. As quatro fábricas no Brasil atendem à norma ISO 14001:2015, o que garante um sólido sistema de gestão ambiental e certifica o compromisso da BYD com o desenvolvimento sustentável, indo além dos produtos, fazendo-se presente em cada processo da fabricação.
✅ Acesse o site no link da bio para saber mais sobre a BYD.

#BYDEnergy #EnergiaSolar #Sustentabilidade";105 curtidas;https://www.instagram.com/p/C17iNwBOZC2/;2024-06-02;https://www.instagram.com/byd_brasil?utm_source=ig_web_button_share_sheet&igsh=ZDNlZDc0MzIxNw==
2024-01-11;"Cinco anos de transformação sustentável no Chile! 🚌🌿

Desde a estreia da frota de ônibus 100% elétricos BYD, foram 39.354.982 passageiros transportados, o equivalente a duas vezes a população do país.

Passageiros que embarcaram em uma jornada que significou uma redução notável de 56.406 toneladas de CO₂ e em 26.884.448 km percorridos.

Quando o assunto é tecnologia e sustentabilidade, a BYD chega mais longe.

#BYDBrasil #BYDChile #OnibusElEtricos #Sustentabilidade";219 curtidas;https://www.instagram.com/p/C1-H9EiuqbI/?img_index=1;2024-06-02;https://www.instagram.com/byd_brasil?utm_source=ig_web_button_share_sheet&igsh=ZDNlZDc0MzIxNw==
2024-01-12;"A BYD está presente no Brasil em todas as etapas, da fabricação dos módulos fotovoltaicos ao pós-vendas, garantindo assistência direta aos seus clientes sempre que necessário.

Com 4 fábricas em operação no país e 3 novas unidades em construção na Bahia, a BYD não para de crescer no Brasil, em todas as suas frentes de negócio. Pode confiar!

#BYDEnergy #Sustentabilidade #PosVenda";486 curtidas;https://www.instagram.com/p/C2AHYBnr2Lx/;2024-06-02;https://www.instagram.com/byd_brasil?utm_source=ig_web_button_share_sheet&igsh=ZDNlZDc0MzIxNw==
2024-01-15;"A BYD lidera a eletromobilidade no transporte público mundial, apoiando cidades modernas nas metas globais de redução de emissões.
Com mais de 90.000 ônibus elétricos entregues globalmente, a BYD caminha diariamente em direção a um futuro mais verde e eficiente. 🚌⚡️🌳

Conheça as soluções da BYD no link da bio.

#BYD #Sustentabilidade";732 curtidas;https://www.instagram.com/p/C2IsqjVOjvj/;2024-06-02;https://www.instagram.com/byd_brasil?utm_source=ig_web_button_share_sheet&igsh=ZDNlZDc0MzIxNw==
2024-01-16;"A BYD está empenhada em levar suporte de alta qualidade a todos os cantos do Brasil! 🇧🇷💙

A empresa atua em todo o território nacional com atendimento de pós-venda, assistência técnica e serviços excepcionais para seus modelos de caminhões 100% elétricos.

De Norte a Sul, do litoral ao interior, a equipe especializada da BYD está pronta para oferecer assistência rápida e eficiente.

#BYDBrasil #EnergiaSustentavel #AssistenciaPosVenda";152 curtidas;https://www.instagram.com/p/C2Ko0YKOvIw/;2024-06-02;https://www.instagram.com/byd_brasil?utm_source=ig_web_button_share_sheet&igsh=ZDNlZDc0MzIxNw==
2024-01-17;"A BYD acaba de inaugurar seu 1º navio cargueiro, o EXPLORER NO.1, que tem como objetivo impulsionar a capacidadade de logística internacional da empresa.

O navio possui 199,9 metros de comprimento e capacidade de carga de até 7.000 veículos. Nos próximos dois anos, a expectativa é que mais sete embarcações se juntem à frota, todas integrando a tecnologia de bateria de armazenamento de energia da BYD e sistemas de gerador de eixo, incorporando a visão da BYD para uma era de transporte marítimo mais verde.

#BYD #BYDBrasil";8.495 curtidas;https://www.instagram.com/p/C2NuHHwx52-/?img_index=1;2024-06-02;https://www.instagram.com/byd_brasil?utm_source=ig_web_button_share_sheet&igsh=ZDNlZDc0MzIxNw==
2024-01-17;"Acelerando rumo à excelência!
Estamos orgulhosos de ser o Parceiro Oficial de Mobilidade Elétrica da UEFA EURO 2024™️, que pela primeira vez tem um patrocinador de E-Mobility. @euro2024 Experimente conosco a poderosa combinação de inovação e mobilidade sustentável!

#BYD #ConstruaSeusSonhos #EURO2024";571 curtidas;https://www.instagram.com/p/C2M7E3rOKm3/;2024-06-02;https://www.instagram.com/byd_brasil?utm_source=ig_web_button_share_sheet&igsh=ZDNlZDc0MzIxNw==
2024-01-17;"Junte-se à BYD para uma viagem mais tranquila e limpa! 🚌🌳

#BYDBrasil #MobilidadeSustentavel #ônibuseletricos";283 curtidas;https://www.instagram.com/p/C2NibxDR_pW/;2024-06-02;https://www.instagram.com/byd_brasil?utm_source=ig_web_button_share_sheet&igsh=ZDNlZDc0MzIxNw==
2024-01-18;"Com seus equipamentos de movimentação, a BYD tem como objetivo aumentar a produtividade da sua empresa.

A transpaleteira PMW20 da BYD oferece capacidade de carga de 2 toneladas e um carregamento total da bateria em até 1h30.
Eficiência e sustentabilidade em um só equipamento. Descubra a nova era da movimentação de carga com a BYD clicando no link da bio.

#BYDBrasil #TranspaleteiraPMW20 #LogisticaVerde";53 curtidas;https://www.instagram.com/p/C2QOi5GxtEz/;2024-06-02;https://www.instagram.com/byd_brasil?utm_source=ig_web_button_share_sheet&igsh=ZDNlZDc0MzIxNw==
2024-01-18;"A @focoenergia atua com equipamentos fotovoltaicos BYD há mais de 5 anos em uma parceria de sucesso que distribui energia limpa para todos os cantos do Brasil.

Confira depoimentos sobre os benefícios dessa cooperação de representantes dessa que é uma das maiores distribuidoras do país em atuação com FINAME. 🤝 💪

#BYD #BYDEnergy #EnergiaSolar #FINAME";;https://www.instagram.com/p/C2QRW51xsa8/;2024-06-02;https://www.instagram.com/byd_brasil?utm_source=ig_web_button_share_sheet&igsh=ZDNlZDc0MzIxNw==
2024-01-19;"Presença confirmada! A BYD Energy participará da Expo Cocari 2024, evento que será realizado na cidade de Mandaguari (PR), e que tem como objetivo apresentar soluções inovadoras para players do agronegócio de todo o Brasil.

O evento acontece entre os dias 31 de janeiro e 2 de fevereiro no Centro Tecnológico Cocari, e os visitantes poderão conhecer de perto as principais soluções de energia limpa da BYD.

Você é nosso convidado!

#BYD #BYDEnergy #EnergiaSolar #Agronegocio #Agro #Rural #Cocari #ExpoCocari";;https://www.instagram.com/p/C2StgSWReAH/;2024-06-02;https://www.instagram.com/byd_brasil?utm_source=ig_web_button_share_sheet&igsh=ZDNlZDc0MzIxNw==
2024-01-22;"Graças ao seu recém-inaugurado laboratório de P&D, a BYD Energy é a primeira fabricante da América Latina com capacidade para estudar todo o ciclo produtivo de módulos fotovoltaicos, desde o beneficiamento do minério de silício. São 1.600m quadrados de uma estrutura desenvolvida para impulsionar a pesquisa do setor no Brasil.

Arraste para o lado e conheça alguns dos equipamentos que fazem desse o laboratório mais avançado do setor em todo o continente. ☀️🔬

#BYDEnergy #EnergiaSolar #P&D #InovaçãoTecnológica";129 curtidas;https://www.instagram.com/p/C2aRwnpLeDK/?img_index=1;2024-06-02;https://www.instagram.com/byd_brasil?utm_source=ig_web_button_share_sheet&igsh=ZDNlZDc0MzIxNw==
2024-01-24;"🌳 Até 11 de janeiro de 2024, a BYD poupou um total de 48.406.698.138 kg de emissões de carbono, o equivalente ao plantio de 806.778.302 árvores!

🌏 Vamos em direção a um futuro mais limpo!

#BYD #ConstruaSeusSonhos #Cooltheearthbyonedegree";127 curtidas;https://www.instagram.com/p/C2fwa7iOddW/;2024-06-02;https://www.instagram.com/byd_brasil?utm_source=ig_web_button_share_sheet&igsh=ZDNlZDc0MzIxNw==
2024-01-25;"A cidade de São Paulo completa 470 anos de muita história e energia!

Assim como a BYD, São Paulo é um exemplo de crescimento, inovação e diversidade.

Feliz aniversário, São Paulo! 🎉🌆

#BYD #SP470anos #Sustentabilidade #saopaulo470anos";273 curtidas;https://www.instagram.com/p/C2hyzqrOmZR/;2024-06-02;https://www.instagram.com/byd_brasil?utm_source=ig_web_button_share_sheet&igsh=ZDNlZDc0MzIxNw==
2024-01-26;"Tecnologia verde em movimento! O BYD T50, rebocador 100% elétrico da BYD, é mais do que uma solução eficiente é um compromisso com o meio ambiente.

Com capacidade para 5.000 kg, bateria de fosfato de ferro lítio 100% livre de manutenção, o T50 redefine o transporte industrial e utiliza técnicas avançadas de robótica para otimizar a logística e reduzir custos operacionais.

Saiba mais sobre as diferentes linhas de rebocadores BYD no link da bio.

#BYDBrasil #T50 #LogísticaSustentável";152 curtidas;https://www.instagram.com/p/C2ktmfauVX2/;2024-06-02;https://www.instagram.com/byd_brasil?utm_source=ig_web_button_share_sheet&igsh=ZDNlZDc0MzIxNw==
2024-01-30;"Confira por que os caminhões BYD trazem mais segurança para as estradas:

✅ Tecnologia de Ponta: Equipados com sistemas de assistência ao motorista, como controle de cruzeiro adaptativo (ACC) e frenagem de emergência.
🌐 Baterias de Última Geração: Desenvolvidas com tecnologia líder de mercado, que garantem desempenho consistente e confiável.
🔄 Baixo Centro de Gravidade: Com o peso das baterias distribuído uniformemente, os caminhões oferecem um centro de gravidade mais baixo, aumentando a estabilidade e reduzindo o risco de capotamento.
🔍 Monitoramento Avançado: Sistemas de monitoramento em tempo real permitem o acompanhamento preciso do desempenho do veículo, garantindo que cada viagem seja segura e controlada.

Faça parte da transformação para um transporte mais seguro e sustentável com os caminhões elétricos BYD. 🚚✨

#BYDBrasil #CaminhaoEletrico #MobilidadeEletrica";103 curtidas;https://www.instagram.com/p/C2uaEKIOYnN/;2024-06-02;https://www.instagram.com/byd_brasil?utm_source=ig_web_button_share_sheet&igsh=ZDNlZDc0MzIxNw==
2024-01-30;"O primeiro ônibus articulado 100% elétrico do Brasil é BYD! 🥇

Desenvolvidos e fabricados no Brasil, os chassis D11B integram a linha verde do VLP de São José dos Campos/SP desde 2021. Com 22 metros de comprimento e piso baixo, os ônibus são silenciosos e com zero emissão de poluentes.

Com inovação e pioneirismo na área de mobilidade urbana, a BYD é a opção mais inteligente, segura e eficiente para o transporte coletivo.🔌🚌

#BYDEnergy #OnibusEletrico #MobilidadeSustentavel";1.144 curtidas;https://www.instagram.com/p/C2uaGK7OCeN/;2024-06-02;https://www.instagram.com/byd_brasil?utm_source=ig_web_button_share_sheet&igsh=ZDNlZDc0MzIxNw==
2024-01-30;"Cliente satisfeito é com a BYD!

Marcio Frank, proprietário da Pão da Hora, de Curitiba, instalou um sistema de energia solar BYD em seu negócio e garantiu economia de até 80% logo no primeiro mês de uso — mesmo com chuva! 🤩

A instalação foi feita pelo integrador Otma Energia, do Dario Alberto, que tem na BYD o parceiro ideal no fornecimento de equipamentos de qualidade e garantia de pós-venda. Veja o que os dois têm a dizer sobre seus resultados com as soluções da BYD.

Você também pode economizar em sua casa ou negócio. Quando pensar em energia solar, peça BYD!

#BYD #BYDEnergy #EnergiaSolar #BYDEnergia";210 curtidas;https://www.instagram.com/p/C2vPCDzRJQQ/;2024-06-02;https://www.instagram.com/byd_brasil?utm_source=ig_web_button_share_sheet&igsh=ZDNlZDc0MzIxNw==
2024-01-31;"A BYD está presente na Expo Cocari 2024, em Mandaguari (PR). O evento teve início na manhã desta quarta e vai até sexta-feira, dia 2, reunindo tecnologias inovadoras e grandes players do agronegócio brasileiro. ⚡☀️

Aproveite para visitar o estande C5 e conheça de perto as soluções BYD de geração e armazenamento de energia, além dos carregadores veículares e o carro 100% elétrico BYD Dolphin. 🌱⚡

#BYDEnergy #ExpoCocari #Inovação";•;https://www.instagram.com/p/C2xqNE3x_w5/;2024-06-02;https://www.instagram.com/byd_brasil?utm_source=ig_web_button_share_sheet&igsh=ZDNlZDc0MzIxNw==
2024-02-01;"As empilhadeiras contrabalançadas 100% elétricas da BYD são sinônimo de versatilidade.

Com a capacidade de operar em temperaturas negativas de até -20 °C sem modificações adicionais, esses equipamentos são a escolha ideal para frigoríficos, fábricas de congelados e operações em ambientes de temperaturas extremamente baixas.

A confiabilidade e segurança nesses cenários são garantidas pela utilização de equipamentos eletrônicos de alta robustez, com uma classe de proteção IP apropriada.

Conte com a BYD para atender a operação que a sua empresa precisa

#BYDBrasil #Empilhadeiras #Sustentabilidade";81 curtidas;https://www.instagram.com/p/C20ZRRhuDZA/;2024-06-02;https://www.instagram.com/byd_brasil?utm_source=ig_web_button_share_sheet&igsh=ZDNlZDc0MzIxNw==
2024-02-01;"Em 2023, a UFSC inaugurou seu laboratório de hidrogênio verde com total integração fotovoltaica do tipo BIPV. No projeto, foram utilizados 360 módulos BYD com potências de 450W e 530W.

Desenvolvidos pelo time de P&D da BYD do Brasil, a estimativa é de que os módulos proporcionem 61% de redução de carga térmica e 71% de economia no sistema de ar-condicionado, além de 52% de redução de potência instalada de iluminação.

Essa solução auxilia o desenvolvimento urbano sustentável do país. Conheça mais sobre a atuação da BYD no Brasil no link da bio. 🌍☀️

#BYDEnergy #BIPV #HidrogenioVerde #UFSC #EnergiaSolar";523 curtidas;https://www.instagram.com/p/C2z06qQrzxN/;2024-06-02;https://www.instagram.com/byd_brasil?utm_source=ig_web_button_share_sheet&igsh=ZDNlZDc0MzIxNw==
2024-02-02;"Uma parceria estratégica acaba de ser firmada entre BYD e Raízen Power. 🤝⚡

Entre as iniciativas previstas, está a construção de hubs de recarga elétrica em oito capitais brasileiras nos próximos três anos: São Paulo (SP), Rio de Janeiro (RJ), Belo Horizonte (MG), Brasília (DF), Curitiba (PR), Florianópolis (SC), Salvador (BA) e Belém (PA).

O objetivo da parceria é ampliar a rede pública de carregadores elétricos no país, com energia 100% limpa e renovável. Ao todo, serão 600 novos pontos de recarga DC, somando mais 18 MW de potência instalada.

#BYD #BYDBRasil #BYDEnergy #BYDEnergia #EnergiaSolar #Carregadores #CarroElétrico #Raizen";3.548 curtidas;https://www.instagram.com/p/C22qYu7r4Xv/;2024-06-02;https://www.instagram.com/byd_brasil?utm_source=ig_web_button_share_sheet&igsh=ZDNlZDc0MzIxNw==
2024-02-05;"A BYD reforça seu compromisso com o desenvolvimento sustentável por meio de ações concretas e produtos inovadores.

Desde veículos elétricos, incluindo carros, ônibus e caminhões, até soluções solares completas, com baterias e armazenamento de energia e produtos inovadores para a movimentação logística, a BYD constrói um futuro mais verde, em que a eficiência energética e a sustentabilidade são o principal foco.

Saiba mais sobre os produtos BYD clicando no link da bio.

#BYDBrasil #DesenvolvimentoSustentavel #CompromissoBYD";189 curtidas;https://www.instagram.com/p/C2-pn2sOK_I/;2024-06-02;https://www.instagram.com/byd_brasil?utm_source=ig_web_button_share_sheet&igsh=ZDNlZDc0MzIxNw==
2024-02-06;"Com capacidade para transportar até 25 toneladas, o rebocador 100% elétrico Green Tug da BYD oferece autonomia para três turnos de operação e recarga total em apenas 2,5 horas.

Além da economia e autonomia, o Green Tug destaca-se pelo conforto do operador, já que oferece assentos ergonômicos e o sistema One Pedal Drive, que minimiza o uso do freio de serviço.

Com centenas de unidades em operações aeroportuárias e segmentos industriais no Brasil, o Green Tug já comprovou ser a opção mais inteligente e sustentável para sua empresa.

#BYDEnergy #GreenTug #LogisticaSustentavel";85 curtidas;https://www.instagram.com/p/C3BR8eCOnOe/;2024-06-02;https://www.instagram.com/byd_brasil?utm_source=ig_web_button_share_sheet&igsh=ZDNlZDc0MzIxNw==
2024-02-07;"Explore o mundo com a BYD, pioneira em mobilidade sustentável.

Eficiência, segurança e tecnologia, que transformam a mobilidade elétrica e deixam um impacto positivo por onde passam.

#BYD #MobilidadeSustentavel #ViagemLimpa";147 curtidas;https://www.instagram.com/p/C3Dy2ATu1ev/;2024-06-02;https://www.instagram.com/byd_brasil?utm_source=ig_web_button_share_sheet&igsh=ZDNlZDc0MzIxNw==
2024-02-09;"Os modelos de carregadores BYD de 7kW e 22kW são ideais para uso residencial e público. Compactos e com design sofisticado, você garante a energia que precisa para percorrer toda a sua jornada.

Arraste para o lado e veja mais detalhes sobre os novos carregadores veiculares BYD.

#BYDEnergy #CarregadoresEletricos #MobilidadeEletrica #BYDBrasil #BYDEnergia";473 curtidas;https://www.instagram.com/p/C3IqMfCrV0O/?img_index=1;2024-06-02;https://www.instagram.com/byd_brasil?utm_source=ig_web_button_share_sheet&igsh=ZDNlZDc0MzIxNw==
2024-02-12;"Descubra a família de equipamentos de movimentação BYD: empilhadeiras retráteis e contrabalançadas, rebocadores e transpaleteiras.

Todos 100% elétricos, oferecem soluções para seus desafios logísticos, unindo autonomia e sustentabilidade.

#BYD #LogisticaSustentavel #EmpilhadeirasElétricas";63 curtidas;https://www.instagram.com/p/C3QIT_JuWjB/;2024-06-02;https://www.instagram.com/byd_brasil?utm_source=ig_web_button_share_sheet&igsh=ZDNlZDc0MzIxNw==
2024-02-14;"A Transpaleteira BYD P20S oferece freios eletromagnéticos, garantindo um funcionamento seguro. Essa tecnologia possibilita a interrupção do equipamento de forma precisa em casos de emergência.

Confie na BYD para soluções sustentáveis e inovadoras. 🚧🔒

#BYDBrasil #LogisticaSustentavel #TranspaleteiraP20S";94 curtidas;https://www.instagram.com/p/C3V3YIuudHe/;2024-06-02;https://www.instagram.com/byd_brasil?utm_source=ig_web_button_share_sheet&igsh=ZDNlZDc0MzIxNw==
2024-02-16;"A @phbsolar é mais uma grande parceira da BYD! 🤝⚡

A empresa se consolidou como uma das maiores distrubuidoras do Brasil levando as soluções da BYD a todos os cantos do país.

Confira depoimentos do time da PHB Solar que reforçam por que você pode confiar na BYD. ☀️

#BYD #BYDEnergy #BYDEnergia #EnergiaSolar #PHBSolar";;https://www.instagram.com/p/C3atMqgrQkS/;2024-06-02;https://www.instagram.com/byd_brasil?utm_source=ig_web_button_share_sheet&igsh=ZDNlZDc0MzIxNw==
2024-02-16;"Já são mais de 100 mil seguidores que acompanham e impulsionam diariamente o crescimento da BYD no Brasil! ⚡🎉

Agradecemos por você acreditar em nossa revolução energética e ajudar a espalhar as inovações sustentáveis da BYD por todo o país. ☀️🚌";252 curtidas;https://www.instagram.com/p/C3akWoNuzKQ/;2024-06-02;https://www.instagram.com/byd_brasil?utm_source=ig_web_button_share_sheet&igsh=ZDNlZDc0MzIxNw==
2024-02-20;"A BYD estará presente no maior evento de logística da América Latina!

A Intermodal South America 2024 acontece entre os dias 5 e 7 de março, no São Paulo Expo - Exhibition & Convention Center.

📍 Conheça as soluções de energia limpa, logística verde e mobilidade elétrica da BYD no estande J008.

#BYD #BYDEnergy #EnergiaSolar #Intermodal2024";168 curtidas;https://www.instagram.com/p/C3lQXguvFT6/;2024-06-02;https://www.instagram.com/byd_brasil?utm_source=ig_web_button_share_sheet&igsh=ZDNlZDc0MzIxNw==
2024-02-21;"A revisão periódica pode salvar a sua frota 🩹⚡

Pensando nisso, a BYD oferece um eficiente suporte de pós vendas para seus veículos pesados, com planos de manutenção sempre atualizados e documentados, garantindo que os proprietários estejam cientes e seguros do momento ideal para revisão.

Saiba mais sobre o pós vendas da BYD clicando no link da bio.

#BYDBrasil #Pós-Vendas #Sustentabilidade";94 curtidas;https://www.instagram.com/p/C3nUP3HOnEV/;2024-06-02;https://www.instagram.com/byd_brasil?utm_source=ig_web_button_share_sheet&igsh=ZDNlZDc0MzIxNw==
2024-02-21;"A BYD traz inovação para Goiás com o primeiro ônibus 100% elétrico superarticulado do mundo rodando no estado.

Com 23 metros e 250 km de autonomia, o modelo D11A oferece conforto, sustentabilidade e acessibilidade.

Descubra mais sobre essa revolução em mobilidade urbana clicando em notícias no link da bio.

#BYDBrasil #ÔnibusElétrico #MobilidadeSustentável #GoiásVerde";•;https://www.instagram.com/p/C3nyxOjO7Lx/;2024-06-02;https://www.instagram.com/byd_brasil?utm_source=ig_web_button_share_sheet&igsh=ZDNlZDc0MzIxNw==
2024-02-22;"A BYD é líder nos setores de energia limpa e mobilidade elétrica, oferecendo uma gama de soluções que vão da geração de energia solar aos veículos elétricos.

Explore as soluções BYD clicando no link da bio e faça parte dessa jornada.

#BYDBrasil #EnergiaLimpa #Sustentabilidade";205 curtidas;https://www.instagram.com/p/C3p1NdWOt2f/;2024-06-02;https://www.instagram.com/byd_brasil?utm_source=ig_web_button_share_sheet&igsh=ZDNlZDc0MzIxNw==
2024-02-23;"Cada vez mais produtores rurais confiam na energia solar para transformar o seu negócio.

A potência instalada de energia solar no agronegócio alcançou 3,1 gigawatts em junho de 2023, representando 14% de toda a capacidade nacional de geração distribuída, segundo informações da ABSOLAR e Aneel.

Arraste para o lado e veja como a BYD pode impulsionar seus resultados no campo com qualidade e segurança.

#BYDEnergy #EnergiaSolar #Agronegocio #Agro #Sustentabilidade #EnergiaSolar #BYDEnergia";93 curtidas;https://www.instagram.com/p/C3sR73bLTJr/?img_index=1;2024-06-02;https://www.instagram.com/byd_brasil?utm_source=ig_web_button_share_sheet&igsh=ZDNlZDc0MzIxNw==
2024-02-26;"Mais de 600 mil colaboradores da BYD atuam com excelência, pragmatismo, paixão e inovação para ajudar a transformar o dia a dia de pessoas ao redor de todo o mundo com soluções mais sustentáveis.

Graças a esses valores, a BYD não para de crescer.

#BYDEnergy #Inovação #Sustentabilidade";121 curtidas;https://www.instagram.com/p/C30mo4nRknl/?img_index=1;2024-06-02;https://www.instagram.com/byd_brasil?utm_source=ig_web_button_share_sheet&igsh=ZDNlZDc0MzIxNw==
2024-02-27;"As empilhadeiras 100% elétricas BYD são essenciais para garantir eficiência e produtividade na indústria, independente do setor, são instrumentos fundamentais que garantem flexibilidade para se adaptar a diferentes ambientes e demandas.

Clique no link da bio e conheça as empilhadeiras BYD.

\#BYDBrasil #EmpilhadeirasEletricas #LogisticaVerde";58 curtidas;https://www.instagram.com/p/C33YFbfOdPU/;2024-06-02;https://www.instagram.com/byd_brasil?utm_source=ig_web_button_share_sheet&igsh=ZDNlZDc0MzIxNw==
2024-02-28;"A empilhadeira 100% elétrica BYD ECB 70 une robustez e sustentabilidade, oferecendo 7 toneladas de capacidade de carga com zero emissão de poluentes.

Clique no link da bio e potencialize a eficiência da sua operação

#BYDBrasil #Tecnologia #BateriaSustentável #ECB70";53 curtidas;https://www.instagram.com/p/C35ykr8uvL6/;2024-06-02;https://www.instagram.com/byd_brasil?utm_source=ig_web_button_share_sheet&igsh=ZDNlZDc0MzIxNw==
2024-02-29;"Na última quarta-feira, dia 28/02, completaram 7 anos desde que o primeiro módulo fotovoltaico BYD foi produzido no Brasil. Desde então, a BYD superou a marca de 2.3 milhões de painéis fabricados no país, marca que faz da empresa a maior do Brasil. 🎉🌱

#BYDEnergy #InovaçãoSustentável #ModuloFotovoltaico";152 curtidas;https://www.instagram.com/p/C38VC0hxvLM/;2024-06-02;https://www.instagram.com/byd_brasil?utm_source=ig_web_button_share_sheet&igsh=ZDNlZDc0MzIxNw==
2024-03-04;"Na BYD, a sustentabilidade vai além de uma simples missão - é uma prática enraizada internamente e disseminada globalmente.

Como parte integrante da rede Brasil do Pacto Global da ONU, a empresa está comprometida em alinhar suas operações e estratégias aos Objetivos de Desenvolvimento Sustentável (ODS).

Anualmente, a BYD reporta seu progresso nessa jornada, sempre em busca de avanços em direção a um futuro mais sustentável.

Junte-se a nós nessa jornada em direção a um mundo melhor.

#BYD #Sustentabilidade #PactoGlobal #ODS #CompromissoSustentavel";59 curtidas;https://www.instagram.com/p/C4GiGV8OAOq/;2024-06-02;https://www.instagram.com/byd_brasil?utm_source=ig_web_button_share_sheet&igsh=ZDNlZDc0MzIxNw==
2024-03-05;"A BYD marca presença na Intermodal 2024 apresentando sua solução completa em energia limpa: energia solar, mobilidade elétrica e logística verde.

Em um setor que enfrenta intensos desafios no transporte e movimentação de materiais, a BYD está à disposição de sua empresa para oferecer soluções eficientes para uma logística mais sustentável.

Visite a BYD no estande J008.

#BYDBrasil #BYDEnergy #Intermodal2024 #Sustentabilidade #EnergiaRenovável";358 curtidas;https://www.instagram.com/p/C4JgkiqubqQ/;2024-06-02;https://www.instagram.com/byd_brasil?utm_source=ig_web_button_share_sheet&igsh=ZDNlZDc0MzIxNw==
2024-03-05;"Faça uma escolha inteligente: BYD Dolphin Mini na garagem, energia solar no telhado e economia na sua conta de energia!

Na compra de um BYD Dolphin Mini, tenha desconto no sistema de energia solar BYD.

Acesse o link na Bio para mais informações sobre nossas soluções completas e inteligentes em energia. 💡☀️";358 curtidas;https://www.instagram.com/p/C4IidwsrMMW/;2024-06-02;https://www.instagram.com/byd_brasil?utm_source=ig_web_button_share_sheet&igsh=ZDNlZDc0MzIxNw==
2024-03-05;"No Dia Mundial da Eficiência Energética, a BYD reafirma seu
compromisso com um futuro mais sustentável.

Com sua solução completa de energia limpa, a BYD está ajudando a impulsionar a transição para um futuro mais limpo e eficiente.

Vamos trabalhar juntos para um mundo melhor! 💚🔋
#BYDBrasil #EficiênciaEnergética #Sustentabilidade";91 curtidas;https://www.instagram.com/p/C4JGSVGLAw_/;2024-06-02;https://www.instagram.com/byd_brasil?utm_source=ig_web_button_share_sheet&igsh=ZDNlZDc0MzIxNw==
2024-03-06;"Este ano, na Intermodal 2024, a BYD apresenta a empilhadeira ECB25, a transpaleteira PMW20 e o rebocador Green Tug. Todos com bateria de fosfato de ferro-litio.

Além disso, a solução completa de energia limpa BYD também está presente, com módulos fotovoltaicos, inversores e baterias, para uma geração de energia sustentável e eficiente.

Visite a BYD na Intermodal 2024 e conheça nossas soluções logísticas 100% elétricas.";163 curtidas;https://www.instagram.com/p/C4MJZfCu43Q/?img_index=1;2024-06-02;https://www.instagram.com/byd_brasil?utm_source=ig_web_button_share_sheet&igsh=ZDNlZDc0MzIxNw==
2024-03-06;"O rebocador 100% elétrico Green Tug é destaque no estande da BYD na Intermodal 2024.

Com capacidade de 25 toneladas, oferece agilidade e força na movimentação de cargas.

Venha conhecer as soluções logísticas da pioneira em bateria de lítio no Brasil.

#BYDBrasil #GreenTug #LogisticaSustentavel #Intermodal2024";67 curtidas;https://www.instagram.com/p/C4MJr32OB65/;2024-06-02;https://www.instagram.com/byd_brasil?utm_source=ig_web_button_share_sheet&igsh=ZDNlZDc0MzIxNw==
2024-03-06;"A BYD apresenta na Intermodal 2024 sua empilhadeira contrabalançada elétrica ECB25.

Com capacidade de carga de 2,5 toneladas, o equipamento possui a maior autonomia do mercado.

Venha conhecer as soluções logísticas da pioneira em bateria de lítio no Brasil.";414 curtidas;https://www.instagram.com/p/C4JxxpiOIg9/;2024-06-02;https://www.instagram.com/byd_brasil?utm_source=ig_web_button_share_sheet&igsh=ZDNlZDc0MzIxNw==
2024-03-07;"Ainda dá tempo de conhecer de perto as soluções da BYD que irão garantir mais sustentabilidade para a logística da sua empresa.

Na Intermodal deste ano, a BYD lançou o caminhão 100% elétrico eT5 7.200, que oferece 185km de autonomia.

Fábio Campos, Gerente de Vendas corporativas da BYD, te conta mais sobre esta novidade. Clique no vídeo e confira.

#BYDBrasil #Intermodal2024";358 curtidas;https://www.instagram.com/p/C4Ogzk1Olqs/;2024-06-02;https://www.instagram.com/byd_brasil?utm_source=ig_web_button_share_sheet&igsh=ZDNlZDc0MzIxNw==
2024-03-08;"Na BYD Energy, as mulheres na produção são peças-chave na jornada rumo a um futuro sustentável. Além de fabricar soluções de energia limpa, elas impulsionam mudanças positivas e mudam realidades para melhor, dentro e fora da BYD.

Clique no link da bio e conheça a BYD.

#BYD #MulheresNaProdução #EnergiaSustentável";201 curtidas;https://www.instagram.com/p/C4RYNA_uNC2/?img_index=1;2024-06-02;https://www.instagram.com/byd_brasil?utm_source=ig_web_button_share_sheet&igsh=ZDNlZDc0MzIxNw==
2024-03-11;"Agradecemos a sua visita no nosso estande da Intermodal 2024!

As soluções da BYD para geração e armazenamento de energia, mobilidade elétrica e logística sustentável garantem tecnologia e redução de custos à sua empresa.

Entre em contato com nossa equipe pelo e-mail vendas@byd.com, estamos à disposição para atender às suas necessidades.

Até o ano que vem";300 curtidas;https://www.instagram.com/p/C4YUvL5xtLC/;2024-06-02;https://www.instagram.com/byd_brasil?utm_source=ig_web_button_share_sheet&igsh=ZDNlZDc0MzIxNw==
2024-03-12;"Descubra o futuro da mobilidade com o ônibus elétrico BYD D9F. Conforto, segurança e sustentabilidade unidos na melhor solução para operações de fretamento e linhas rodoviárias. 🚌⚡
️
Clique no link da bio e conheça toda a linha de mobilidade elétrica BYD.

#BYDBrasil #MobilidadeSustentavel #ÔnibusDoFuturo";235 curtidas;https://www.instagram.com/p/C4bZHEeuptt/;2024-06-02;https://www.instagram.com/byd_brasil?utm_source=ig_web_button_share_sheet&igsh=ZDNlZDc0MzIxNw==
2024-03-13;"A transpaleteira PMW20 da BYD é sinônimo de desempenho, resistência e confiabilidade.

A Bateria de fosfato de ferro lítio, somada com tecnologias de gerenciamento desenvolvidas pela BYD, garante carregamento rápido de apenas 1h30.

Com a PMW20 a produtividade está garantida como nunca! 💼🔋

Clique no link da bio para saber mais";59 curtidas;https://www.instagram.com/p/C4d_Y3fuXEe/;2024-06-02;https://www.instagram.com/byd_brasil?utm_source=ig_web_button_share_sheet&igsh=ZDNlZDc0MzIxNw==
2024-03-14;"Relembrando momentos incríveis! 🌟 #TBT da Intermodal 2024, onde a BYD brilhou com inovações que estão moldando o futuro sustentável. 🌱

Na vanguarda da tecnologia, Fábio Campos, Gerente de Vendas, compartilhou informações sobre como a BYD está liderando com um portfólio completo que contempla todo o ecossistema eletrificado. 🔋

Junte-se a jornada para um planeta mais verde com a BYD, onde cada produto conta uma história de compromisso com a sustentabilidade. 🌍

#BYDEnergy #BYDBrasil #Sustentabilidade #Inovação #Intermodal2024";417 curtidas;https://www.instagram.com/p/C4f6NAFudlX/;2024-06-02;https://www.instagram.com/byd_brasil?utm_source=ig_web_button_share_sheet&igsh=ZDNlZDc0MzIxNw==
2024-03-15;"Na BYD, a inovação surge do investimento, estudo e parcerias estratégicas e eficientes.

No âmbito do PADIS, onde o foco é exclusivamente em semicondutores, o trabalho da BYD é feito lado a lado com instituições e faculdades renomadas, como o Instituto Eldorado, CTI Renato Archer, Unicamp e UFSC.

Juntos, combinamos experiência e recursos para desenvolver soluções avançadas em energia limpa, ao mesmo tempo em que capacitamos uma nova geração de talentos por meio de bolsas de estudo e projetos práticos. 🌱💡

#BYDEnergy #Sustentabilidade #Parceria #Semicondutores #Educação";263 curtidas;https://www.instagram.com/p/C4izMYtr6Ts/;2024-06-02;https://www.instagram.com/byd_brasil?utm_source=ig_web_button_share_sheet&igsh=ZDNlZDc0MzIxNw==
2024-03-16;"Na BYD, todo dia é uma oportunidade para impulsionar a conscientização sobre as mudanças climáticas.

Hoje, no Dia Nacional de Conscientização sobre as Mudanças Climáticas, a BYD não só renova o compromisso com soluções sustentáveis, mas também comemora um feito notável. Até 11 de março de 2024, os produtos BYD evitaram a emissão de 51.267.746.289 kg de carbono, o que corresponde à compensação do CO2 de 854.462.438 árvores!

Este é um reflexo do nosso esforço contínuo para pavimentar o caminho para um futuro mais verde e sustentável. 🌍💚

#BYDEnergy #DiaDeConscientização #MudançasClimáticas #Sustentabilidade";241 curtidas;https://www.instagram.com/p/C4lL9rMudel/;2024-06-02;https://www.instagram.com/byd_brasil?utm_source=ig_web_button_share_sheet&igsh=ZDNlZDc0MzIxNw==
2024-03-19;"A empilhadeira BYD ECB50 tem capacidade de carga de até 5 toneladas e oferece um desempenho excepcional.

Com 4 rodas para estabilidade extra, a ECB50 enfrenta qualquer desafio e eleva a logística da sua empresa para outro nível.

#EmpilhadeiraEletrica #ECB50 #Eficiência";80 curtidas;https://www.instagram.com/p/C4tQHsPuS5Q/;2024-06-02;https://www.instagram.com/byd_brasil?utm_source=ig_web_button_share_sheet&igsh=ZDNlZDc0MzIxNw==
2024-03-22;"A BYD lançou hoje suas soluções de carregamento veicular no evento Charging Day, que aconteceu no Parque Villa Lobos, em São Paulo.

As soluções incluem carregadores wallbox, rápidos e ultra-rapidos, com potências de 7kW a 210kW. E não para por aí: foi lançado o BYD Recharge, o app revolucionário com mais de 2.800 pontos de recarga espalhados pelo país, fruto da parceria entre BYD e Tupinambá. 📲⚡

Junte-se a BYD nessa jornada sustentável e fique por dentro das inovações que estão acelerando o futuro da mobilidade elétrica.

Acesse o link em nossa bio para ler na íntegra sobre as soluções de carregamento BYD.

#BYD #CarregadoresElétricos #MobilidadeSustentável #EnergiaLimpa";1.723 curtidas;https://www.instagram.com/p/C41SGZRrTUu/;2024-06-02;https://www.instagram.com/byd_brasil?utm_source=ig_web_button_share_sheet&igsh=ZDNlZDc0MzIxNw==
2024-03-25;"A praticidade da BYD agora você encontra na palma da mão.📱

Acesse o link na bio e faça o download do app BYD Recharge para conferir as estações de carregamento, fazer reservas, pagamentos e muito mais! ⚡

#BYD #BYDBrasil #MobilidadeUrbana #Sustentabilidade #Inovação #Conforto #Segurança #EletricidadeMudaTudo";;https://www.instagram.com/p/C481FOCP-Y-/;2024-06-02;https://www.instagram.com/byd_brasil?utm_source=ig_web_button_share_sheet&igsh=ZDNlZDc0MzIxNw==
2024-03-25;"A BYD e a Raízen Gera Desenvolvedora firmaram uma parceria para a construção de nove usinas solares fotovoltaicas distribuídas em quatro estados brasileiros. Com capacidade total de 26,5 Megawatts, este montante corresponde ao abastecimento mensal de energia de 5.500 residências. 🏡💡

A aliança envolve a utilização da expertise da BYD em Full EPC (Engenharia, Compras e Construção, em português) em todos os processos. Do dimensionamento ao acompanhamento da geração após a entrega da obra, a BYD garante total suporte para entregar o melhor projeto possível às empresas que estão liderando a transformação energética.🌱⚡

Clique no link na BIO e saiba mais.";351 curtidas;https://www.instagram.com/p/C49FTxlLlkd/;2024-06-02;https://www.instagram.com/byd_brasil?utm_source=ig_web_button_share_sheet&igsh=ZDNlZDc0MzIxNw==
2024-03-26;"Conheça o VUC da BYD: o caminhão eT5 7.200, 100% elétrico e perfeito para o transporte urbano de cargas.

Com autonomia de 185 km e recarga rápida em apenas 2 horas, é a escolha ideal para operações logísticas sustentáveis. 🚚♻️

#BYDBrasil #Sustentabilidade #RecargaRápida #ZeroEmissões";276 curtidas;https://www.instagram.com/p/C4_H2mfuqUP/;2024-06-02;https://www.instagram.com/byd_brasil?utm_source=ig_web_button_share_sheet&igsh=ZDNlZDc0MzIxNw==
2024-03-26;"Com 7 milhões de veículos 100% elétricos e híbridos produzidos, a BYD é a primeira montadora a alcançar essa marca no mundo. 🏆⚡

📅 No último ano, o acumulado de vendas chegou a 3,02 milhões de unidades, consolidando a empresa como líder global no segmento.

🔗 Saiba mais clicando em notícias no link da bio";1.780 curtidas;https://www.instagram.com/p/C4_cjpGuFYZ/;2024-06-02;https://www.instagram.com/byd_brasil?utm_source=ig_web_button_share_sheet&igsh=ZDNlZDc0MzIxNw==
2024-03-27;"A BYD não para de surpreender e quebrar recordes no Brasil. 🚗⚡

No último sábado, durante o Mega Eletric Day, foram vendidos 963 carros 100% elétricos e híbridos em toda a rede de concessionárias BYD.

O modelo mais vendido foi o BYD Dolphin mini, com 312 unidades, seguido do BYD Dolphin EV, com 256 unidades vendidas.

🔗 Veja a lista completa e mais informações clicando em notícias no link da bio";3.650 curtidas;https://www.instagram.com/p/C5ByvBQOP_V/;2024-06-02;https://www.instagram.com/byd_brasil?utm_source=ig_web_button_share_sheet&igsh=ZDNlZDc0MzIxNw==
2024-04-02;"Alcance mais eficiência e a produtividade 💼💡

As empilhadeiras 100% elétricas retráteis da BYD tem mastro panorâmico de três estágios, que oferece segurança para alcançar até as prateleiras mais altas.

Descubra a tecnologia BYD e eleve o desempenho da sua operação! 🚀🔋

#BYDBrasil #EmpilhadeirasRetráteis #TecnologiaDePontaNosNegócios";47 curtidas;https://www.instagram.com/p/C5RdJQMueqH/;2024-06-02;https://www.instagram.com/byd_brasil?utm_source=ig_web_button_share_sheet&igsh=ZDNlZDc0MzIxNw==
2024-04-04;"Conheça a linha de caminhões elétricos BYD que protegem o planeta enquanto entregam autonomia e economia.

A BYD oferece caminhões de distribuição urbana e para médias distâncias, todos com emissão zero e toda a expertise da pioneira em P&D de caminhões no mundo.

Clique no link da bio e conheça a linha completa BYD para a logística limpa da sua empresa.

#BYD #CaminhãoEletrico #LogísticaVerde";74 curtidas;https://www.instagram.com/p/C5WTuK0OZLQ/?img_index=1;2024-06-02;https://www.instagram.com/byd_brasil?utm_source=ig_web_button_share_sheet&igsh=ZDNlZDc0MzIxNw==
2024-04-04;"Agora você pode contar com a praticidade do carregamento BYD na sua casa!

Com os novos carregadores Wallbox de 7 kW e 22 kW, você terá um carregamento rápido e seguro com a qualidade BYD, sem sair de casa e ainda contribuindo para um planeta mais sustentável.

Acesse o link que na BIO e saiba mais.

#BYD #mobilidadeelétrica #sustentabilidade”";;https://www.instagram.com/p/C5WerA5xWYq/;2024-06-02;https://www.instagram.com/byd_brasil?utm_source=ig_web_button_share_sheet&igsh=ZDNlZDc0MzIxNw==
2024-04-05;"A BYD lidera a revolução da eletromobilidade no Brasil com os primeiros ônibus superarticulados elétricos do país! 🚌⚡️

O modelo D11A tem autonomia de 250 km e oferece conforto, sustentabilidade e acessibilidade para a população.

Junte-se a BYD nessa jornada rumo a um futuro mais sustentável! 💚🌎

#BYDBrasil #Eletromobilidade #TransporteSustentável #ÔnibusElétrico";459 curtidas;https://www.instagram.com/p/C5ZMlumuJ1L/;2024-06-02;https://www.instagram.com/byd_brasil?utm_source=ig_web_button_share_sheet&igsh=ZDNlZDc0MzIxNw==
2024-04-08;"A BYD estará presente na 6ª Edição da Feira de Recrutamento de Empresas Chinesas no Brasil, uma ação que visa criar uma conexão ainda mais profunda de talentos brasileiros com grandes nomes globais do mercado chinês.

A feira vai acontecer no dia 13 de abril, das 9h às 15h, na ESEG - Faculdade do Grupo Etapa, e terá palestras, networking, entrevistas e recrutamento.

As inscrições são gratuitas e devem ser feitas pelo site https://fremc.iestgroup.com/sign-in.
Esperamos vocês!";375 curtidas;https://www.instagram.com/p/C5g6UQsO5oF/;2024-06-02;https://www.instagram.com/byd_brasil?utm_source=ig_web_button_share_sheet&igsh=ZDNlZDc0MzIxNw==
2024-04-09;"Pensados também para jornadas confortáveis 🛣️🚌

Os ônibus BYD possuem suspensão pneumática dianteira e traseira, que proporcionam uma viagem suave, além de coluna de direção regulável para ajustes ergonômicos personalizados.

Conte com a BYD para uma viagem mais agradável

#BYDBrasil #TecnologiaSustentavel #Conforto #Ergonomia";124 curtidas;https://www.instagram.com/p/C5iwLAVOBrL/;2024-06-02;https://www.instagram.com/byd_brasil?utm_source=ig_web_button_share_sheet&igsh=ZDNlZDc0MzIxNw==
2024-04-10;"A BYD Energy está marcando presença na 4ª Intersolar Summit Brasil Nordeste, em Fortaleza, com soluções integradas da BYD, além da linha de carregadores. Durante o evento, também foi anunciado em primeira mão o lançamento do módulo fotovoltaico de 610W.

Compacto e eficiente, esse novo módulo é especialmente indicado para fazendas e usinas solares, otimizando o espaço físico e reduzindo os custos de instalação.
Mais uma novidade BYD rumo à geração de energia renovável acessível e eficiente.

Acesse o link na BIO para o conteúdo na íntegra.

#BYDEnergy #IntersolarSummitBrasil #EnergiaSolar";1.113 curtidas;https://www.instagram.com/p/C5mG50txzox/;2024-06-02;https://www.instagram.com/byd_brasil?utm_source=ig_web_button_share_sheet&igsh=ZDNlZDc0MzIxNw==
2024-04-10;"No Dia da Engenharia, a BYD ressalta a importância da profissão que transforma desafios em soluções inovadoras e tecnologicamente sustentáveis.

Esse trabalho possibilita as mais de 40 mil patentes ilustradas no hall de patentes BYD que moldam o futuro da mobilidade e da energia limpa. ⚡💡

Clique no link da bio e conheça as soluções BYD.

#BYDBrasil #DiadaEnegenharia #Engenheiro #Sustentabilidade";54 curtidas;https://www.instagram.com/p/C5l0rPgu-ce/;2024-06-02;https://www.instagram.com/byd_brasil?utm_source=ig_web_button_share_sheet&igsh=ZDNlZDc0MzIxNw==
2024-04-11;"A BYD está impulsionando o mercado com suas baterias de alta capacidade e tecnologia, proporcionando maior autonomia e durabilidade para os equipamentos logísticos.
As baterias passam por rigorosos testes de qualidade, como altas temperaturas e deformação, que garantem maior segurança para as operações.

Conheça as possibilidades e inovações tecnológicas da BYD.

#BYDBrasil #VeículosElétricos #BateriasInovadoras";78 curtidas;https://www.instagram.com/p/C5og5h8OIG5/;2024-06-02;https://www.instagram.com/byd_brasil?utm_source=ig_web_button_share_sheet&igsh=ZDNlZDc0MzIxNw==
2024-04-12;"A BYD agradece a todos pela visita ao estande no 4ª Intersolar Summit Nordeste.

A região nordeste do Brasil desempenha um papel fundamental na estratégia da BYD. Com vastas áreas de sol abundante, é uma das regiões com maior potencial para usinas fotovoltaicas no Brasil.

Acesse o link na BIO e conheça as soluções integradas BYD. Estamos prontos para contribuir com o crescimento da região e tornar o nordeste cada vez mais sustentável.☀️💡

#BYDEnergy #EnergiaSolar #DesenvolvimentoSustentável #IntersolarSummitNordeste";251 curtidas;https://www.instagram.com/p/C5rJd4_x3Qk/;2024-06-02;https://www.instagram.com/byd_brasil?utm_source=ig_web_button_share_sheet&igsh=ZDNlZDc0MzIxNw==
2024-04-15;"Com capacidade para até 25 toneladas, o rebocador 100% elétrico BYD Green Tug é silencioso e compacto, ideal para a logística de locais que demandam agilidade na operação, como aeroportos, armazéns e linhas de produção.

Confie na BYD para uma logística mais fácil e tecnológica.

Acesse o link da bio para saber mais. 🚜♻️

#BYDBrasil #GreenTug #TransporteSustentável #Eletromobilidade";55 curtidas;https://www.instagram.com/p/C5yHTcIu1lJ/;2024-06-02;https://www.instagram.com/byd_brasil?utm_source=ig_web_button_share_sheet&igsh=ZDNlZDc0MzIxNw==
2024-04-16;"Compacto, ágil e sustentável, o caminhão BYD eT5 7.200 é a escolha certa para operações logísticas last mile.
O caminhão permite realizar as demandas de entregas urbanas com zero emissão de gases poluentes, desde o carregamento das baterias até o destino final.

Saiba mais sobre a linha de caminhões 100% elétricos da BYD

#BYDBrasil #CaminhãoET5 #LogísticaSustentavel #Sustentabilidade";56 curtidas;https://www.instagram.com/p/C50sDp7Otpy/;2024-06-02;https://www.instagram.com/byd_brasil?utm_source=ig_web_button_share_sheet&igsh=ZDNlZDc0MzIxNw==
2024-04-17;"As transpaleteiras BYD proporcionam diversos benefícios para o dia a dia da sua operação.

O design ergonômico oferece grande versatilidade para operações diárias de carga e descarga e os dispositivos de segurança, como os freios eletromagnéticos, garantem proteção para os operadores.

Além disso, a tecnologia da bateria de fosfato de ferro lítio proporciona às empresas maior produtividade, reduzindo os custos por operação.

Descubra todos os benefícios no link: https://byd.com.br/transpaleteiras/

#Empilhadeiras #Inovação #BYDBrasil #Operaçõeslogísticas";57 curtidas;https://www.instagram.com/p/C54H0BRObUU/;2024-06-02;https://www.instagram.com/byd_brasil?utm_source=ig_web_button_share_sheet&igsh=ZDNlZDc0MzIxNw==
2024-04-19;"A BYD deu início, na última segunda-feira (15), aos testes de seu ônibus elétrico para o transporte de passageiros no aeroporto de Curitiba, Paraná.

O D9W da BYD, silencioso e não poluente, com capacidade de transportar até 80 pessoas, começou a operar nas rotas de embarque e desembarque do aeroporto. Com autonomia para rodar 250 km sem necessidade de recarga, adequa-se às necessidades do aeroporto, por onde passam diariamente cerca de 14 mil pessoas.

O ônibus possui ainda uma característica inclusiva: o conceito Low Entry, que elimina a necessidade de degraus, facilitando o acesso a todos os passageiros.";1.791 curtidas;https://www.instagram.com/p/C59EbzmAOdu/;2024-06-02;https://www.instagram.com/byd_brasil?utm_source=ig_web_button_share_sheet&igsh=ZDNlZDc0MzIxNw==
2024-04-22;"Nesse dia da terra a BYD reafirma o seu compromisso com o planeta e a sua missão de ajudar a resfriar a terra em 1°C.

Para alcançar esse objetivo a BYD se propõe a entregar:
☀️ Geração e armazenamento de energia limpa
🚗 Carros elétricos eficientes
🚌 Transporte público com zero emissões
🚚 Transporte de cargas não poluente

Até o dia 11 de março de 2024, o uso dessas soluções já poupou a emissão de 51.267.746.289 kg de carbono.

#BYDBrasil #BYDEnergy #DiaDaTerra #Sustentabilidade";328 curtidas;https://www.instagram.com/p/C6EVtdlOPRY/;2024-06-02;https://www.instagram.com/byd_brasil?utm_source=ig_web_button_share_sheet&igsh=ZDNlZDc0MzIxNw==
2024-04-23;"Com zero emissão de carbono e super silenciosos, os ônibus 100% elétricos da BYD redefinem o conceito de transporte sustentável.

O ruído zero durante a operação proporciona conforto e eficiência para as cidades.

Clique no link da bio e descubra o futuro da mobilidade urbana.

#BYDBrasil #TransporteSustentável #MobilidadeUrbana";158 curtidas;https://www.instagram.com/p/C6HBBDOuHVT/;2024-06-02;https://www.instagram.com/byd_brasil?utm_source=ig_web_button_share_sheet&igsh=ZDNlZDc0MzIxNw==
2024-04-24;"Otimize seu armazém com as empilhadeiras 100% elétricas BYD. Eficiência, segurança e zero emissão de poluentes.

Faça a transição para uma logística sustentável hoje mesmo! ⚡📦

#BYDBrasil #EmpilhadeirasEletricas #LogisticaSustentavel";90 curtidas;https://www.instagram.com/p/C6KHiTIu3-t/;2024-06-02;https://www.instagram.com/byd_brasil?utm_source=ig_web_button_share_sheet&igsh=ZDNlZDc0MzIxNw==
2024-04-25;"A BYD atua em todas as partes da cadeia da mobilidade elétrica, desde a geração de energia e seu armazenamento até o uso nos veículos elétricos.

A BYD embarcou em um caminho que leva ao desenvolvimento verde, ao mesmo tempo em que contribui para o controle da poluição do ar e para a obtenção da neutralidade de carbono.

Junte-se à revolução energética com a BYD ⚡🛣️

#BYDBrasil #EnergiaLimpa #LogísticaSustentável";80 curtidas;https://www.instagram.com/p/C6M30AkO3NA/;2024-06-02;https://www.instagram.com/byd_brasil?utm_source=ig_web_button_share_sheet&igsh=ZDNlZDc0MzIxNw==
2024-04-26;"A BYD estará presente na maior feira Internacional do Agronegócio. A Agrishow 2024 acontecerá de 29 de abril a 3 de maio em Ribeirão Preto (SP).

Não perca a chance de conhecer as soluções de energia limpa, armazenamento e mobilidade elétrica da BYD na Agrishow.

#BYDEnergy #Agrishow #EnergiaSolar #MobilidadeEletrica";•;https://www.instagram.com/p/C6PQjWXxlaM/;2024-06-02;https://www.instagram.com/byd_brasil?utm_source=ig_web_button_share_sheet&igsh=ZDNlZDc0MzIxNw==
2024-04-30;"Segundo a associação brasileira de energia fotovoltaica, a energia solar representa 18% da matriz elétrica do Brasil. Desde 2012, o setor já evitou a emissão de 51,3 milhões de toneladas de CO2.

Uma das principais fabricantes de painéis solares do Brasil, a BYD Energy foi foco de uma materia exibida no RedeTV News em 26/04.

Além de aparecer nas telinhas, a BYD Energy vai instalar um sistema solar completo na sede da emissora, em Osasco (SP). Os módulos fotovoltaicos vão gerar 1,5 MW de energia limpa para alimentar a rede elétrica da emissora. Isso representa uma economia anual de 450 mil reais na conta de luz da RedeTV e menos 300 toneladas de gás carbônico jogadas na atmosfera.

Assista a matéria completa no link da BIO!☀️💼

#BYDEnergy #RedeTV #EnergiaSustentável";1.041 curtidas;https://www.instagram.com/p/C6ZY64ix932/;2024-06-02;https://www.instagram.com/byd_brasil?utm_source=ig_web_button_share_sheet&igsh=ZDNlZDc0MzIxNw==
2024-05-01;"A BYD está presente na Agrishow 2024, a maior feira de tecnologia agrícola do Brasil.

Visite-nos no estande E22A e conheça nossas soluções capazes de reduzir os custos de energia da operação do campo com maior segurança e qualidade energética.

#BYDEnergy #Agrishow2024 #Sustentabilidade";306 curtidas;https://www.instagram.com/p/C6cHkcwRoR_/;2024-06-02;https://www.instagram.com/byd_brasil?utm_source=ig_web_button_share_sheet&igsh=ZDNlZDc0MzIxNw==
2024-05-02;"Os carros super tecnológicos da BYD você já conhece. Mas você sabia que esta tecnologia vai muito além?

A BYD oferece um ecossistema completo de energia limpa. Desde a geração da energia solar, o seu armazenamento, o carregamento veicular, até o uso na mobilidade elétrica. Tudo de uma única marca.

Construa seus sonhos com a BYD.

#BYD #energiasolar";230 curtidas;https://www.instagram.com/p/C6edl_6rwTp/;2024-06-02;https://www.instagram.com/byd_brasil?utm_source=ig_web_button_share_sheet&igsh=ZDNlZDc0MzIxNw==
2024-05-02;"A mais nova versão do BYD TAN EV, o carro que marcou a chegada dos veículos de passeio da BYD no Brasil, chegou ao país.

Entre as principais novidades, estão a bateria mais potente, que garante mais autonomia, e o novo design, mais elegante.

Confira todos os detalhes desse lançamento clicando em notícias no link da bio

#carroeletrico #bydtan";820 curtidas;https://www.instagram.com/p/C6euSPUAi9W/;2024-06-02;https://www.instagram.com/byd_brasil?utm_source=ig_web_button_share_sheet&igsh=ZDNlZDc0MzIxNw==
2024-05-03;"Aproveite o último dia de Agrishow para conhecer a bateria MC-I da BYD, uma solução inovadora para otimizar a eficiência no agronegócio. 🌾🔋

A bateria MC-I destaca-se por sua alta densidade energética e design compacto, que minimiza o espaço ocupado e facilita o transporte e a instalação. Além disso, conta com bateria de fosfato de ferro lítio, que garante um ciclo de vida longo e seguro, reforçando sua eficiência e confiabilidade.

Para mais informações, entre em contato conosco pelo e-mail: vendas@byd.com.

#BYD #InovaçãoAgro #TecnologiaSustentável #EnergiaSolar";43 curtidas;https://www.instagram.com/p/C6gdlgjry_L/;2024-06-02;https://www.instagram.com/byd_brasil?utm_source=ig_web_button_share_sheet&igsh=ZDNlZDc0MzIxNw==
2024-05-06;"O aplicativo BYD Recharge facilita a experiência de carregamento de veículos elétricos, oferecendo acesso a mais de 2.800 pontos de recarga espalhados pelo Brasil.

Os usuários podem facilmente localizar estações, verificar disponibilidade e realizar pagamentos, tudo através de uma interface intuitiva.

#BYDRecharge #BYD #Inovação #MobilidadeSustentável";68 curtidas;https://www.instagram.com/p/C6o1Jr7RMdj/;2024-06-02;https://www.instagram.com/byd_brasil?utm_source=ig_web_button_share_sheet&igsh=ZDNlZDc0MzIxNw==
2024-05-06;"Experimente a energia que acompanha seu ritmo ⚡

A BYD investe no setor de logística interna com tecnologia baseada em três fatores primordiais: utilizar baterias de longa duração, buscar economia de energia e proteger o meio ambiente.

A recarga de oportunidade, feita nos momentos de pausa dos operadores, garante a autonomia de três turnos de trabalho para o equipamento.

#BYD #InovaçãoTecnológica #LogisticaVerde";70 curtidas;https://www.instagram.com/p/C6pB8ceuobp/;2024-06-02;https://www.instagram.com/byd_brasil?utm_source=ig_web_button_share_sheet&igsh=ZDNlZDc0MzIxNw==
2024-05-07;"A BYD, desde sua fundação, se dedica a construir um futuro mais verde visando à redução dos impactos nas mudanças climáticas.

Saiba mais sobre as iniciativas sustentáveis no site da BYD.

#BYD #BuildYourDreams #CoolTheEarthByOneDegree";108 curtidas;https://www.instagram.com/p/C6ri4auOARq/;2024-06-02;https://www.instagram.com/byd_brasil?utm_source=ig_web_button_share_sheet&igsh=ZDNlZDc0MzIxNw==
2024-05-08;"Com recursos opcionais, como a cabine fechada, as empilhadeiras contrabalançadas 100% elétricas BYD oferecem uma gama de benefícios para tornar a operação mais produtiva e confortável.

Peça já seu orçamento de empilhadeiras BYD.

#BYDBrasil #EmpilhadeiraElétrica #OpcionaisEmpilhadeiras";48 curtidas;https://www.instagram.com/p/C6tmBW1Os9b/;2024-06-02;https://www.instagram.com/byd_brasil?utm_source=ig_web_button_share_sheet&igsh=ZDNlZDc0MzIxNw==
2024-05-09;"A BYD entregou, no dia 26 de abril, o primeiro trem da Linha 17-Ouro em cerimônia na China. A nova linha do metrô de São Paulo deve ligar a região do Morumbi ao aeroporto de Congonhas.

Agora, o trem passa por procedimentos de liberação aduaneira e segue para o Brasil logo em seguida, com expectativa de chegada ao porto de Santos em Julho de 2024.

🔗 Confira a matéria na íntegra no link da bio";4.935 curtidas;https://www.instagram.com/p/C6wq_VAg7RD/;2024-06-02;https://www.instagram.com/byd_brasil?utm_source=ig_web_button_share_sheet&igsh=ZDNlZDc0MzIxNw==
2024-05-10;"Solidária com a situação na região Sul, a BYD transformou suas concessionárias em pontos de arrecadação de doações para as vítimas das enchentes. Além disso está dobrando cada doação realizada durante a campanha.

Saiba quais são as concessionárias BYD aptas a receber doações: https://www.byd.com/br/reconstruindosonhos";654 curtidas;https://www.instagram.com/p/C6zPce8uy_u/;2024-06-02;https://www.instagram.com/byd_brasil?utm_source=ig_web_button_share_sheet&igsh=ZDNlZDc0MzIxNw==
2024-05-13;"Com zero emissão de carbono e funcionamento super silencioso, os ônibus BYD se destacam no mercado.

A BYD é pioneira na fabricação de ônibus 100% elétrico no Brasil, e hoje mais de 2 mil unidades rodam por toda América Latina, número que corresponde a quase metade dos ônibus elétricos presentes nesta região.

Conheça os ônibus BYD: https://byd.com.br/produtos/onibus/

#BYDBrasil #PioneirismoElétrico #OnibusElétrico";580 curtidas;https://www.instagram.com/p/C67AQJIuzdp/;2024-06-02;https://www.instagram.com/byd_brasil?utm_source=ig_web_button_share_sheet&igsh=ZDNlZDc0MzIxNw==
2024-05-16;"Na última terça-feira, a BYD lançou sua primeira picape híbrida plug-in.

A BYD Shark foi pensada para desafios off-road e feita sobre a nova plataforma DMO (Dual motor off-road), que combina o estilo robusto, recursos de segurança e o conforto de uma SUV. Com 840 km de autonomia, a BYD Shark deve chegar ao Brasil em Agosto de 2024.

Saiba mais clicando em notícias no link da bio";1.292 curtidas;https://www.instagram.com/p/C7Cojmlu73q/;2024-06-02;https://www.instagram.com/byd_brasil?utm_source=ig_web_button_share_sheet&igsh=ZDNlZDc0MzIxNw==
2024-05-17;"O laboratório de Pesquisa e Desenvolvimento da BYD, inédito na América Latina que estuda todo o ciclo para a produção de módulos fotovoltaicos, é composto por três grandes áreas:

- Laboratório de desenvolvimento, análise e testes de módulos fotovoltaicos.
- Laboratório dedicado à pesquisa da pureza do quartzo brasileiro.
- Usina experimental para validação e pesquisa de inovações em campo.

Com um investimento de R$ 65 milhões, a BYD busca autossuficiência em pesquisa e desenvolvimento.
🌞⚡️
#BYD #EnergiaSolar #Inovação #Sustentabilidade";197 curtidas;https://www.instagram.com/p/C7FPOhmRMTC/;2024-06-02;https://www.instagram.com/byd_brasil?utm_source=ig_web_button_share_sheet&igsh=ZDNlZDc0MzIxNw==
2024-05-20;"Otimize o espaço de armazenamento da sua operação com empilhadeiras retráteis BYD.

Com design “slim”, são ideais para trabalhos em corredores estreitos, atendendo armazéns com espaço de circulação reduzido.

Confira as especificações técnicas no link da bio.

#Empilhadeiraretratil #LogísticaVerde";40 curtidas;https://www.instagram.com/p/C7NCpxLOwIu/;2024-06-02;https://www.instagram.com/byd_brasil?utm_source=ig_web_button_share_sheet&igsh=ZDNlZDc0MzIxNw==
2024-05-21;"A BYD já entregou mais de 105 mil ônibus elétricos globalmente, reforçando seu compromisso com a mobilidade sustentável.

O silêncio e a eficiencia desses ônibus já conquistaram mais de 400 cidades do mundo, levando ao sucesso global dos ônibus BYD.

Entenda como a BYD pode renovar a energia da sua cidade, clique no link da BIO e descubra.

#BYDBrasil #MobilidadeSustentável #ÔnibusElétrico";346 curtidas;https://www.instagram.com/p/C7PEQ-FuL72/;2024-06-02;https://www.instagram.com/byd_brasil?utm_source=ig_web_button_share_sheet&igsh=ZDNlZDc0MzIxNw==
2024-05-22;"Hoje é dia de celebrar a biodiversidade que o nosso planeta abriga!

A BYD, diariamente, promove práticas sustentáveis e trabalha incansavelmente
para desenvolver inovações tecnológicas para uma vida melhor, afim de preservar, também, a biodiversidade.

Conheça mais sobre as iniciativas sustentáveis da BYD no site.

#DiaDaBiodiversidade #BYD #PreservaçãoAmbiental #Sustentabilidade";98 curtidas;https://www.instagram.com/p/C7SP9KtOUzs/;2024-06-02;https://www.instagram.com/byd_brasil?utm_source=ig_web_button_share_sheet&igsh=ZDNlZDc0MzIxNw==
2024-05-23;"O caminhão 100% elétrico BYD eT18 é projetado para atender diversas necessidades.
Seja transportando bebidas, operando como guincho, coletando resíduos ou mantendo cargas refrigeradas, o eT18 se destaca por sua capacidade de personalização.

Confie na BYD para a eletrificação da sua frota de pesados.

#BYD #TransporteEficiente #LogísticaSustentável";59 curtidas;https://www.instagram.com/p/C7U0fYjun1E/;2024-06-02;https://www.instagram.com/byd_brasil?utm_source=ig_web_button_share_sheet&igsh=ZDNlZDc0MzIxNw==
2024-05-24;"A BYD acaba de chegar à expressiva marca de 100 concessionárias em operação no mercado brasileiro. A conquista chegou em parceria com a BYD DVA, quinto maior grupo da marca em volume de comercialização no Brasil e líder em vendas na região Sul do país.

As concessionárias BYD pelo país já geraram mais de 6 mil empregos e venderam mais de 7 mil carros, consolidando o sucesso da marca no Brasil. O objetivo da BYD no Brasil é chegar a 250 concessionárias - entre novas nomeações e em operação - até o final do ano.

Leia a notícia completa no link da bio";2.117 curtidas;https://www.instagram.com/p/C7XM3iIPIMR/;2024-06-02;https://www.instagram.com/byd_brasil?utm_source=ig_web_button_share_sheet&igsh=ZDNlZDc0MzIxNw==
2024-05-24;"Os carregadores BYD-EVC-2SXM60 (60 Kw), EVC-2SXM120 (120 Kw) e EVC-2SXM180 (180 Kw) são a escolha ideal para ambientes públicos ou privados que demandam carregamento rápido em corrente contínua.

Com tela touch screen de alta resolução e monitoramento remoto, os carregadores BYD garantem eficiência e praticidade, são personalizáveis para carregamento simultâneo e compatíveis com veículos de passeio e pesados.
Clique no link da BIO e conheça as soluções sustentáveis BYD.

#BYD #Carregadores #EVC #MobilidadeElétrica";299 curtidas;https://www.instagram.com/p/C7XUO0FxAFb/;2024-06-02;https://www.instagram.com/byd_brasil?utm_source=ig_web_button_share_sheet&igsh=ZDNlZDc0MzIxNw==
2024-05-28;"Pensado para o futuro, o BYD Green Tug é totalmente adaptável aos sistemas de tecnologia de máquina autônoma.

Um rebocador autônomo é uma solução econômica que aumenta a eficiência e melhora as condições de trabalho, resultando em menos tráfego, ruído, custos operacionais e mão de obra e mantendo a cobertura das necessidades de entrega.

A eficiência produtiva do seu negócio não será mais a mesma.

Consulte o time de vendas da BYD pelo e-mail vendas@byd.com

#BYD #GreenTug #TecnologiaAutônoma #Sustentabilidade";66 curtidas;https://www.instagram.com/p/C7gzoT8ugbI/;2024-06-02;https://www.instagram.com/byd_brasil?utm_source=ig_web_button_share_sheet&igsh=ZDNlZDc0MzIxNw==
2024-05-28;"Com os caminhões BYD, você tem mais tempo na estrada e menos tempo na oficina! 🚛💨

A baixa demanda de manutenção é devido à menor quantidade de componentes dos caminhões elétricos da BYD quando comparados a caminhões a combustão, provando que menos é mais economia

Aumente a disponibilidade da sua frota, saiba mais: https://byd.com.br/produtos/caminhoes/

#BYD #CaminhõesElétricos #MenorManutenção";133 curtidas;https://www.instagram.com/p/C7hsYGzPFtP/;2024-06-02;https://www.instagram.com/byd_brasil?utm_source=ig_web_button_share_sheet&igsh=ZDNlZDc0MzIxNw==
2024-05-29;"A BYD reconhece o trabalho e a habilidade do operador de empilhadeira de movimentar as operações logísticas com maestria.

Neste dia, queremos agradecer e dizer que o jeito BYD de recompensar esse esforço é oferecendo equipamentos seguros, confortáveis e eficientes.

#DiaDoOperadorDeEmpilhadeira #BYD";50 curtidas;https://www.instagram.com/p/C7jkl7bODk9/;2024-06-02;https://www.instagram.com/byd_brasil?utm_source=ig_web_button_share_sheet&igsh=ZDNlZDc0MzIxNw==
2024-05-29;"Na última segunda-feira (27), o navio EXPLORER N°1 da BYD atracou em continente americano pela primeira vez.

Com a maior movimentação de carros da história do Porto do Suape de uma única vez, a BYD desembarcou 5.459 veículos híbridos e elétricos que devem abastecer o mercado nos próximos meses.

Leia a notícia completa no link da bio.

#logistica #byd";3.920 curtidas;https://www.instagram.com/p/C7kLJDuvQx3/;2024-06-02;https://www.instagram.com/byd_brasil?utm_source=ig_web_button_share_sheet&igsh=ZDNlZDc0MzIxNw==
